epoch (ms),Accelerometer_x,Accelerometer_y,Accelerometer_z,Gyroscope_x,Gyroscope_y,Gyroscope_z,Participants,Label,Category,Set
2019-01-11 15:08:05.200,0.0135,0.977,-0.071,-1.8904000000000003,2.4392,0.9388000000000002,B,bench,heavy,30
2019-01-11 15:08:05.400,-0.0014999999999999,0.9705,-0.0794999999999999,-1.6826,-0.8904,2.1708,B,bench,heavy,30
2019-01-11 15:08:05.600,0.0013333333333333,0.9716666666666668,-0.0643333333333333,2.5608000000000004,-0.2559999999999999,-1.4146,B,bench,heavy,30
2019-01-11 15:08:05.800,-0.024,0.957,-0.0735,8.061,-4.5244,-2.073,B,bench,heavy,30
2019-01-11 15:08:06.000,-0.0279999999999999,0.9576666666666666,-0.115,2.439,-1.5486,-3.6098,B,bench,heavy,30
2019-01-11 15:08:06.200,-0.026,0.965,-0.118,0.4634000000000002,5.2194,-6.4636,B,bench,heavy,30
2019-01-11 15:08:06.400,-0.0486666666666666,0.79,-0.1453333333333333,21.695,8.1708,-28.219600000000003,B,bench,heavy,30
2019-01-11 15:08:06.600,-0.1699999999999999,0.8995,-0.25,17.5246,1.5976,-17.5854,B,bench,heavy,30
2019-01-11 15:08:06.800,-0.2226666666666666,0.907,-0.2043333333333333,-7.2318,-1.3536,-0.4026,B,bench,heavy,30
2019-01-11 15:08:07.000,-0.2045,0.93,-0.149,-28.683,-10.2076,20.5732,B,bench,heavy,30
2019-01-11 15:08:07.200,-0.205,1.4046666666666667,-0.095,-4.1098,-9.3172,-3.3412000000000006,B,bench,heavy,30
2019-01-11 15:08:07.400,-0.1635,0.996,-0.1129999999999999,35.5488,11.5732,-17.2074,B,bench,heavy,30
2019-01-11 15:08:07.600,-0.2206666666666666,0.904,-0.2083333333333333,4.8902,-0.2804,-0.1339999999999999,B,bench,heavy,30
2019-01-11 15:08:07.800,-0.222,0.9465,-0.221,-1.061,-2.1830000000000003,11.3536,B,bench,heavy,30
2019-01-11 15:08:08.000,-0.1843333333333333,0.9913333333333332,-0.1906666666666666,-28.426800000000004,-13.085399999999998,25.2684,B,bench,heavy,30
2019-01-11 15:08:08.200,-0.0735,0.762,-0.054,-27.5244,-6.3048,22.8052,B,bench,heavy,30
2019-01-11 15:08:08.400,-0.011,0.8506666666666667,-0.0943333333333333,12.0852,-0.3536,-5.4024,B,bench,heavy,30
2019-01-11 15:08:08.600,-0.0525,1.025,-0.0375,-6.5366,-0.7194,0.3414,B,bench,heavy,30
2019-01-11 15:08:08.800,-0.065,0.9553333333333334,-0.0253333333333333,1.2684,-3.0246,-1.2318,B,bench,heavy,30
2019-01-11 15:08:09.000,-0.0535,0.9655,-0.0385,4.8660000000000005,-2.0485999999999995,2.061,B,bench,heavy,30
2019-01-11 15:08:09.200,-0.0406666666666666,0.99,-0.034,2.8538,-2.939,1.8656,B,bench,heavy,30
2019-01-11 15:08:09.400,-0.0475,0.961,-0.0424999999999999,2.1586,-1.512,0.3902,B,bench,heavy,30
2019-01-11 15:08:09.600,-0.054,0.9463333333333334,-0.0679999999999999,2.1586,2.7194000000000003,-3.8658,B,bench,heavy,30
2019-01-11 15:08:09.800,-0.0535,0.7685,-0.091,26.8048,11.8292,-22.305,B,bench,heavy,30
2019-01-11 15:08:10.000,-0.128,0.8453333333333334,-0.1706666666666666,27.9146,5.0732,-13.012199999999998,B,bench,heavy,30
2019-01-11 15:08:10.200,-0.1915,0.918,-0.2545,-1.9026,-4.5244,-0.8412,B,bench,heavy,30
2019-01-11 15:08:10.400,-0.1796666666666666,0.9666666666666668,-0.17,-31.3658,-3.0612000000000004,20.0366,B,bench,heavy,30
2019-01-11 15:08:10.600,-0.22,1.557,-0.1955,11.3416,-5.061,-12.4998,B,bench,heavy,30
2019-01-11 15:08:10.800,-0.182,0.9276666666666668,-0.172,19.9268,0.2682,-15.756,B,bench,heavy,30
2019-01-11 15:08:11.000,-0.2195,0.904,-0.244,6.939,-2.6586,3.0245999999999995,B,bench,heavy,30
2019-01-11 15:08:11.200,-0.225,0.9416666666666668,-0.2463333333333333,-8.6586,-5.1706,7.6586,B,bench,heavy,30
2019-01-11 15:08:11.400,-0.193,0.986,-0.235,-26.0,-10.4634,20.7926,B,bench,heavy,30
2019-01-11 15:08:11.600,-0.1093333333333333,0.8886666666666666,-0.0316666666666666,-41.9512,-4.9878,27.1826,B,bench,heavy,30
2019-01-11 15:08:11.800,-0.0104999999999999,0.6180000000000001,-0.0525,15.487800000000002,-6.939,-4.9876,B,bench,heavy,30
2019-01-11 15:08:12.000,-0.0693333333333333,1.09,-0.0093333333333333,2.1832000000000003,0.1464,1.6464,B,bench,heavy,30
2019-01-11 15:08:12.200,-0.06,0.9235,-0.0235,1.7315999999999998,0.0975999999999999,0.7926000000000001,B,bench,heavy,30
2019-01-11 15:08:12.400,-0.0446666666666666,0.975,-0.0243333333333333,3.3172,0.4145999999999999,4.5608,B,bench,heavy,30
2019-01-11 15:08:12.600,-0.038,0.9765,-0.0495,1.5854,-1.9148000000000005,-0.2071999999999998,B,bench,heavy,30
2019-01-11 15:08:12.800,-0.0416666666666666,0.979,-0.0479999999999999,2.4026000000000005,-1.5976,-1.1708,B,bench,heavy,30
2019-01-11 15:08:13.000,-0.051,0.9675,-0.048,0.2928,-3.8294,-0.3416,B,bench,heavy,30
2019-01-11 15:08:13.200,-0.0586666666666666,0.9693333333333332,-0.0523333333333333,2.5976,-3.6708,-0.6952,B,bench,heavy,30
2019-01-11 15:08:13.400,-0.0549999999999999,0.872,-0.07,11.9756,8.5488,-11.561,B,bench,heavy,30
2019-01-11 15:08:13.600,-0.1003333333333333,0.781,-0.1346666666666666,26.7804,14.4754,-33.2684,B,bench,heavy,30
2019-01-11 15:08:13.800,-0.2,0.9005000000000001,-0.2045,21.439,-6.3048,-4.0976,B,bench,heavy,30
2019-01-11 15:08:14.000,-0.247,0.917,-0.206,-31.8414,-4.7318,5.9514,B,bench,heavy,30
2019-01-11 15:08:14.200,-0.269,1.2325,-0.1185,-27.1708,-11.7682,11.0122,B,bench,heavy,30
2019-01-11 15:08:14.400,-0.2456666666666666,1.1846666666666663,-0.0773333333333333,32.7318,0.8049999999999999,-10.5852,B,bench,heavy,30
2019-01-11 15:08:14.600,-0.1795,0.8614999999999999,-0.124,20.7562,-5.780600000000001,-2.4024,B,bench,heavy,30
2019-01-11 15:08:14.800,-0.2063333333333333,0.9296666666666668,-0.2323333333333333,3.8416,-3.7682,-6.255999999999999,B,bench,heavy,30
2019-01-11 15:08:15.000,-0.2615,0.9275,-0.2115,7.4998,-1.7075999999999991,2.0608000000000004,B,bench,heavy,30
2019-01-11 15:08:15.200,-0.27,0.957,-0.2556666666666666,-6.2072,-4.878,15.890199999999998,B,bench,heavy,30
2019-01-11 15:08:15.400,-0.1985,0.995,-0.22,-29.305,-3.1586,27.0976,B,bench,heavy,30
2019-01-11 15:08:15.600,-0.088,0.789,-0.0966666666666666,-37.9024,-1.1343999999999994,20.7562,B,bench,heavy,30
2019-01-11 15:08:15.800,-0.0165,0.8540000000000001,-0.0095,16.2926,-3.5488,2.1708000000000003,B,bench,heavy,30
2019-01-11 15:08:16.000,-0.0313333333333333,0.9926666666666668,-0.0646666666666666,-1.7072000000000005,1.0732,-1.0364,B,bench,heavy,30
2019-01-11 15:08:16.200,-0.05,0.993,-0.0165,-0.4511999999999997,-2.6586,2.2194,B,bench,heavy,30
2019-01-11 15:08:16.400,-0.037,0.9833333333333334,-0.0153333333333333,-4.8048,-0.3902,-1.3782,B,bench,heavy,30
2019-01-11 15:08:16.600,-0.026,0.948,-0.0009999999999999,9.0242,-0.9879999999999995,-2.061,B,bench,heavy,30
2019-01-11 15:08:16.800,-0.0556666666666666,0.9916666666666666,-0.0403333333333333,0.7804,-4.683,3.6098,B,bench,heavy,30
2019-01-11 15:08:17.000,-0.0475,0.955,-0.0455,4.5242,-2.9756,-2.7682,B,bench,heavy,30
2019-01-11 15:08:17.200,-0.056,0.9826666666666668,-0.0463333333333333,-2.0122,0.5,-0.5365999999999999,B,bench,heavy,30
2019-01-11 15:08:17.400,-0.0635,0.934,-0.049,7.8658,3.3414,-3.5245999999999995,B,bench,heavy,30
2019-01-11 15:08:17.600,-0.0696666666666666,0.758,-0.096,27.1708,8.561,-27.549,B,bench,heavy,30
2019-01-11 15:08:17.800,-0.1585,0.88,-0.192,21.5976,1.9756,-15.317000000000002,B,bench,heavy,30
2019-01-11 15:08:18.000,-0.211,0.9313333333333332,-0.2166666666666666,-6.6952,-5.122,11.0974,B,bench,heavy,30
2019-01-11 15:08:18.200,-0.207,1.0265,-0.087,-44.4024,-12.3048,7.6218,B,bench,heavy,30
2019-01-11 15:08:18.400,-0.2779999999999999,1.393333333333333,-0.0853333333333333,26.2194,5.9266000000000005,-20.8172,B,bench,heavy,30
2019-01-11 15:08:18.600,-0.225,0.8245,-0.1185,14.7196,-16.5122,-11.0732,B,bench,heavy,30
2019-01-11 15:08:18.800,-0.2683333333333333,0.8936666666666667,-0.1686666666666666,-3.3047999999999997,2.353800000000001,-6.3416,B,bench,heavy,30
2019-01-11 15:08:19.000,-0.2694999999999999,0.92,-0.1664999999999999,12.317,3.9268,19.8904,B,bench,heavy,30
2019-01-11 15:08:19.200,-0.2563333333333333,0.9653333333333332,-0.1886666666666666,-6.4876000000000005,-1.1218,6.3902,B,bench,heavy,30
2019-01-11 15:08:19.400,-0.191,1.0315,-0.174,-18.5854,-13.158600000000002,29.024400000000004,B,bench,heavy,30
2019-01-11 15:08:19.600,-0.0886666666666666,0.7876666666666666,-0.0963333333333333,-30.0122,6.0732,22.0246,B,bench,heavy,30
2019-01-11 15:08:19.800,-0.019,0.865,-0.015,20.1832,-2.7318,1.0852000000000002,B,bench,heavy,30
2019-01-11 15:08:20.000,-0.0623333333333333,1.0136666666666667,-0.0596666666666666,-4.1096,-0.1095999999999997,0.5121999999999998,B,bench,heavy,30
2019-01-11 15:08:20.200,-0.054,0.9815,-0.078,3.8536,-3.9756,4.634,B,bench,heavy,30
2019-01-11 15:08:20.400,-0.0386666666666666,0.9563333333333331,-0.059,-1.3048000000000002,-1.6464,0.1951999999999999,B,bench,heavy,30
2019-01-11 15:08:20.600,-0.0375,0.9875,-0.0515,1.8046,-2.7928,-0.0609999999999999,B,bench,heavy,30
2019-01-11 15:08:20.800,-0.044,0.9686666666666666,-0.0626666666666666,3.4144,-2.9632,-0.8536000000000001,B,bench,heavy,30
2019-01-11 15:08:21.000,-0.045,0.9815,-0.0525,-0.1217999999999998,-3.4512,1.866,B,bench,heavy,30
2019-01-11 15:08:21.200,-0.0453333333333333,0.9586666666666668,-0.062,0.2073999999999999,-3.4512,-0.7071999999999999,B,bench,heavy,30
2019-01-11 15:08:21.400,-0.051,0.979,-0.0605,1.5732,-2.0366,0.317,B,bench,heavy,30
2019-01-11 15:08:21.600,-0.0503333333333333,0.976,-0.0566666666666666,0.2076,-2.866,0.9756,B,bench,heavy,30
2019-01-11 15:08:21.800,-0.034,0.9365,-0.056,5.5122,-2.378,0.3903999999999999,B,bench,heavy,30
2019-01-11 15:08:22.000,-0.0523333333333333,0.9803333333333332,-0.086,-1.8782,-1.6706,0.1583999999999998,B,bench,heavy,30
2019-01-11 15:12:05.200,0.0325,0.98,0.0235,8.378,-1.5245999999999995,1.2196,B,bench,heavy,83
2019-01-11 15:12:05.400,0.002,0.8535,-0.0284999999999999,12.7928,1.8904000000000003,-17.7562,B,bench,heavy,83
2019-01-11 15:12:05.600,-0.0676666666666666,0.7949999999999999,-0.0923333333333333,28.366,4.0488,-34.5244,B,bench,heavy,83
2019-01-11 15:12:05.800,-0.212,0.901,-0.1674999999999999,-2.256,2.7074,-29.9146,B,bench,heavy,83
2019-01-11 15:12:06.000,-0.2456666666666667,0.9076666666666666,-0.1133333333333333,-10.1708,-13.878,19.5368,B,bench,heavy,83
2019-01-11 15:12:06.200,-0.241,1.1655,-0.008,-24.1096,-18.7804,23.512,B,bench,heavy,83
2019-01-11 15:12:06.400,-0.216,1.3006666666666666,0.0103333333333333,26.183,10.8414,-22.9146,B,bench,heavy,83
2019-01-11 15:12:06.600,-0.2314999999999999,0.894,-0.0775,3.4146,1.7072000000000005,-18.7196,B,bench,heavy,83
2019-01-11 15:12:06.800,-0.2669999999999999,0.9233333333333332,-0.1183333333333333,9.0366,-6.5,4.1708,B,bench,heavy,83
2019-01-11 15:12:07.000,-0.252,0.9325,-0.0955,0.6341999999999999,-1.817,13.390200000000002,B,bench,heavy,83
2019-01-11 15:12:07.200,-0.2346666666666667,1.0039999999999998,-0.0866666666666666,-21.2926,-8.4024,25.6098,B,bench,heavy,83
2019-01-11 15:12:07.400,-0.1155,0.8815,0.022,-30.2562,-4.1218,34.8658,B,bench,heavy,83
2019-01-11 15:12:07.600,-0.005,0.7746666666666666,-0.0146666666666666,9.2196,-3.0366,-9.0366,B,bench,heavy,83
2019-01-11 15:12:07.800,-0.066,1.048,0.0245,6.6586,1.7194000000000005,0.5853999999999997,B,bench,heavy,83
2019-01-11 15:12:08.000,-0.0913333333333333,0.6786666666666666,-0.0353333333333333,28.1828,18.7316,-42.5366,B,bench,heavy,83
2019-01-11 15:12:08.200,-0.1664999999999999,0.928,-0.156,19.4026,-2.0854,-17.4754,B,bench,heavy,83
2019-01-11 15:12:08.400,-0.2703333333333333,0.937,-0.097,-19.3414,-6.1218,11.2684,B,bench,heavy,83
2019-01-11 15:12:08.600,-0.323,1.216,0.0255,-26.2682,-11.7928,9.4636,B,bench,heavy,83
2019-01-11 15:12:08.800,-0.2813333333333333,1.2593333333333334,-0.0133333333333333,44.744,13.4512,-10.6828,B,bench,heavy,83
2019-01-11 15:12:09.000,-0.2309999999999999,0.8665,-0.122,10.4634,-7.3904,-4.7564,B,bench,heavy,83
2019-01-11 15:12:09.200,-0.245,0.9423333333333334,-0.1923333333333333,-8.8294,3.9878,2.7196,B,bench,heavy,83
2019-01-11 15:12:09.400,-0.2254999999999999,0.9325,-0.115,-3.9878,-6.1708,20.6586,B,bench,heavy,83
2019-01-11 15:12:09.600,-0.1593333333333333,1.0236666666666665,-0.0876666666666666,-33.6218,-10.4876,33.0854,B,bench,heavy,83
2019-01-11 15:12:09.800,-0.0655,0.671,0.0134999999999999,-11.3782,-6.4024,17.6462,B,bench,heavy,83
2019-01-11 15:12:10.000,-0.0113333333333333,0.9803333333333334,0.0233333333333333,6.1096,0.0366,-2.0976,B,bench,heavy,83
2019-01-11 15:12:10.200,-0.0209999999999999,0.7265,-0.0265,22.1098,12.7804,-25.9514,B,bench,heavy,83
2019-01-11 15:12:10.400,-0.1149999999999999,0.7046666666666667,-0.0956666666666666,25.4998,3.0854000000000004,-38.9146,B,bench,heavy,83
2019-01-11 15:12:10.600,-0.274,1.0025,-0.1305,-9.4756,-11.1706,15.3416,B,bench,heavy,83
2019-01-11 15:12:10.800,-0.2453333333333333,1.2293333333333332,0.0043333333333333,-37.122,-15.0,12.1952,B,bench,heavy,83
2019-01-11 15:12:11.000,-0.2615,1.39,0.074,28.5,8.8902,-16.6828,B,bench,heavy,83
2019-01-11 15:12:11.200,-0.1973333333333333,0.823,-0.0486666666666666,10.9024,1.8414,-10.0608,B,bench,heavy,83
2019-01-11 15:12:11.400,-0.24,0.9225,-0.105,9.1098,-3.988,2.7072000000000003,B,bench,heavy,83
2019-01-11 15:12:11.600,-0.2546666666666666,0.963,-0.1126666666666666,-2.817,0.8416000000000002,0.5610000000000002,B,bench,heavy,83
2019-01-11 15:12:11.800,-0.2645,0.9715,-0.104,-5.4878,-6.0974,5.634,B,bench,heavy,83
2019-01-11 15:12:12.000,-0.218,0.9776666666666666,-0.0663333333333333,-15.7196,-10.4758,36.9878,B,bench,heavy,83
2019-01-11 15:12:12.200,-0.104,0.862,0.0535,-15.2684,-2.4512,25.9146,B,bench,heavy,83
2019-01-11 15:12:12.400,-0.0029999999999999,0.8396666666666667,-0.0329999999999999,6.4146,2.4998000000000005,-13.6344,B,bench,heavy,83
2019-01-11 15:12:12.600,-0.0625,0.8460000000000001,-0.015,23.2562,8.9148,-19.1708,B,bench,heavy,83
2019-01-11 15:12:12.800,-0.1256666666666666,0.703,-0.126,29.5856,2.0244,-35.3658,B,bench,heavy,83
2019-01-11 15:12:13.000,-0.2784999999999999,0.9925,-0.151,-14.9756,-12.317,13.634199999999998,B,bench,heavy,83
2019-01-11 15:12:13.200,-0.2763333333333333,1.187,-0.0386666666666666,-32.317,-8.7928,16.0244,B,bench,heavy,83
2019-01-11 15:12:13.400,-0.2885,1.395,0.0395,25.6462,8.9268,-16.8416,B,bench,heavy,83
2019-01-11 15:12:13.600,-0.206,0.8300000000000001,-0.086,17.2436,-8.1708,-5.939,B,bench,heavy,83
2019-01-11 15:12:13.800,-0.2595,0.905,-0.1144999999999999,0.3780000000000001,5.9268,-3.061,B,bench,heavy,83
2019-01-11 15:12:14.000,-0.2633333333333333,0.9513333333333334,-0.1306666666666666,-5.9268,4.6952,5.0120000000000005,B,bench,heavy,83
2019-01-11 15:12:14.200,-0.22,0.9665,-0.1325,4.4756,-16.378,23.9756,B,bench,heavy,83
2019-01-11 15:12:14.400,-0.164,1.0456666666666667,-0.0926666666666666,-28.183,2.8294,33.3658,B,bench,heavy,83
2019-01-11 15:12:14.600,-0.0005,0.849,-0.0065,-16.378,-2.7562,29.122000000000003,B,bench,heavy,83
2019-01-11 15:12:14.800,0.0416666666666666,0.7803333333333334,-0.019,8.622,-4.146,-11.1708,B,bench,heavy,83
2019-01-11 15:12:15.000,-0.0289999999999999,1.1005,0.059,-3.951,2.4514000000000005,0.7806,B,bench,heavy,83
2019-01-11 15:12:15.200,-0.02,0.9423333333333334,0.0386666666666666,5.6708,-2.9026,-1.6344,B,bench,heavy,83
2019-01-11 15:12:15.400,-0.0069999999999999,0.992,0.022,1.5608,-4.0486,0.256,B,bench,heavy,83
2019-01-11 15:12:15.600,-0.0123333333333333,0.9596666666666668,0.001,-1.4266,-3.1828000000000003,-0.5975999999999998,B,bench,heavy,83
2019-01-11 15:12:15.800,-0.0375,0.966,0.0144999999999999,-0.3779999999999999,-2.3046,-0.2559999999999999,B,bench,heavy,83
2019-01-11 15:12:16.000,-0.0366666666666666,0.9286666666666666,0.0206666666666666,8.1586,1.3538,-7.0366,B,bench,heavy,83
2019-01-11 15:12:16.200,-0.061,0.6895,-0.053,23.2684,9.6342,-35.4636,B,bench,heavy,83
2019-01-11 15:12:16.400,-0.166,0.8926666666666666,-0.103,11.7928,-2.3412000000000006,-19.0488,B,bench,heavy,83
2019-01-11 15:12:16.600,-0.232,0.9205,-0.0574999999999999,-17.5122,-5.061,19.8902,B,bench,heavy,83
2019-01-11 15:12:16.800,-0.3013333333333333,1.3916666666666666,0.0646666666666666,-31.1706,-9.9878,-5.1706,B,bench,heavy,83
2019-01-11 15:12:17.000,-0.254,1.0615,0.067,42.9144,-8.1098,-13.11,B,bench,heavy,83
2019-01-11 15:12:17.200,-0.2106666666666666,0.8343333333333334,-0.078,15.3536,-3.2316000000000003,-6.8292,B,bench,heavy,83
2019-01-11 15:12:17.400,-0.2615,0.887,-0.099,9.439,0.6585999999999999,8.3048,B,bench,heavy,83
2019-01-11 15:12:17.600,-0.2623333333333333,0.9486666666666668,-0.165,-2.8536,5.1708,-2.0242000000000004,B,bench,heavy,83
2019-01-11 15:12:17.800,-0.2455,0.961,-0.122,-2.9512,3.2802,4.1586,B,bench,heavy,83
2019-01-11 15:12:18.000,-0.227,0.9883333333333332,-0.1303333333333333,-9.6464,1.7926000000000002,12.1586,B,bench,heavy,83
2019-01-11 15:12:18.200,-0.183,1.0179999999999998,-0.1295,-21.8902,-10.5366,27.2928,B,bench,heavy,83
2019-01-11 15:12:18.400,-0.089,0.8450000000000001,-0.004,-22.183,-7.182600000000001,29.305200000000003,B,bench,heavy,83
2019-01-11 15:12:18.600,0.0,0.7665,0.02,5.6586,0.3048000000000002,-8.7684,B,bench,heavy,83
2019-01-11 15:12:18.800,-0.039,1.0456666666666667,0.0676666666666666,6.9024,-1.8048,5.5732,B,bench,heavy,83
2019-01-11 15:12:19.000,-0.03,0.9755,0.031,10.4026,-2.9392,2.1096,B,bench,heavy,83
2019-01-11 15:12:19.200,-0.0176666666666666,0.9733333333333332,-0.0059999999999999,6.0366,-3.1706,7.6218,B,bench,heavy,83
2019-01-11 15:12:19.400,-0.004,0.985,-0.053,5.488,-0.4066666666666667,0.4266666666666667,B,bench,heavy,83
2019-01-11 15:40:08.400,-0.156,0.9443333333333334,-0.0686666666666666,-8.171000000000001,3.2076,1.4024,B,ohp,heavy,87
2019-01-11 15:40:08.600,-0.1605,0.9975,-0.053,0.9146,2.1098,-4.9514,B,ohp,heavy,87
2019-01-11 15:40:08.800,-0.274,1.247,-0.1173333333333333,21.683,32.4024,-48.2196,B,ohp,heavy,87
2019-01-11 15:40:09.000,-0.3195,0.8744999999999999,-0.1585,44.622,21.4756,-14.963399999999998,B,ohp,heavy,87
2019-01-11 15:40:09.200,-0.329,0.7476666666666666,-0.2483333333333333,13.0,11.0608,-5.622199999999999,B,ohp,heavy,87
2019-01-11 15:40:09.400,-0.357,0.7855,-0.3325,16.0488,-2.7926,7.4514,B,ohp,heavy,87
2019-01-11 15:40:09.600,-0.3966666666666666,0.9176666666666669,-0.437,-20.2806,-5.6098,7.0854,B,ohp,heavy,87
2019-01-11 15:40:09.800,-0.3359999999999999,0.998,-0.3455,-77.9512,-10.2196,30.3414,B,ohp,heavy,87
2019-01-11 15:40:10.000,-0.1083333333333333,0.5716666666666667,-0.1553333333333333,-7.622200000000004,14.341399999999998,36.3902,B,ohp,heavy,87
2019-01-11 15:40:10.200,-0.192,1.172,0.0385,10.0974,-4.1096,1.4025999999999996,B,ohp,heavy,87
2019-01-11 15:40:10.400,-0.1139999999999999,0.883,-0.078,5.805,-8.2926,-0.2194000000000002,B,ohp,heavy,87
2019-01-11 15:40:10.600,-0.121,0.984,-0.146,10.9756,-6.573,-1.9024,B,ohp,heavy,87
2019-01-11 15:40:10.800,-0.141,0.9646666666666668,-0.142,-1.8294,3.6706,-4.9754000000000005,B,ohp,heavy,87
2019-01-11 15:40:11.000,-0.158,0.9475,-0.135,1.9146,7.6706,4.4512,B,ohp,heavy,87
2019-01-11 15:40:11.200,-0.1553333333333333,0.949,-0.118,-8.4148,13.3292,5.4268,B,ohp,heavy,87
2019-01-11 15:40:11.400,-0.1169999999999999,0.9485,-0.133,13.0732,-20.2438,2.1586000000000003,B,ohp,heavy,87
2019-01-11 15:40:11.600,-0.1263333333333333,0.966,-0.1483333333333333,-0.6464000000000001,-6.7196,-5.4144000000000005,B,ohp,heavy,87
2019-01-11 15:40:11.800,-0.1005,0.698,-0.15,32.7072,1.4147999999999996,-33.1828,B,ohp,heavy,87
2019-01-11 15:40:12.000,-0.2373333333333333,0.7613333333333333,-0.2996666666666667,38.8902,2.2684000000000006,-16.4268,B,ohp,heavy,87
2019-01-11 15:40:12.200,-0.2935,0.819,-0.4014999999999999,12.5248,-11.7562,-1.012,B,ohp,heavy,87
2019-01-11 15:40:12.400,-0.3636666666666666,0.9026666666666666,-0.3476666666666666,-15.0974,-9.256,-4.768400000000001,B,ohp,heavy,87
2019-01-11 15:40:12.600,-0.421,0.97,-0.2835,-49.7682,-19.7806,14.914600000000002,B,ohp,heavy,87
2019-01-11 15:40:12.800,-0.313,0.9843333333333332,-0.1616666666666666,-41.4632,-20.7074,25.622000000000003,B,ohp,heavy,87
2019-01-11 15:40:13.000,-0.311,1.387,-0.096,25.0122,27.2438,-11.158600000000002,B,ohp,heavy,87
2019-01-11 15:40:13.200,-0.355,1.0656666666666668,-0.2123333333333333,80.2562,31.2438,-22.9754,B,ohp,heavy,87
2019-01-11 15:40:13.400,-0.3349999999999999,0.8385,-0.405,8.6462,-15.866,-18.8782,B,ohp,heavy,87
2019-01-11 15:40:13.600,-0.3326666666666666,0.7003333333333334,-0.371,-22.2196,8.9146,9.6218,B,ohp,heavy,87
2019-01-11 15:40:13.800,-0.3409999999999999,0.81,-0.2925,-31.805,-3.7438,15.5732,B,ohp,heavy,87
2019-01-11 15:40:14.000,-0.29,0.8643333333333333,-0.1773333333333333,-40.878,-29.731600000000004,44.6218,B,ohp,heavy,87
2019-01-11 15:40:14.200,-0.1335,0.6575,-0.1325,17.0854,0.1705999999999999,7.366,B,ohp,heavy,87
2019-01-11 15:40:14.400,-0.1686666666666666,0.9963333333333332,-0.1413333333333333,-9.073,-6.4756,-6.0488,B,ohp,heavy,87
2019-01-11 15:40:14.600,-0.096,0.469,-0.082,60.70739999999999,12.7684,-43.5004,B,ohp,heavy,87
2019-01-11 15:40:14.800,-0.3743333333333333,0.9213333333333332,-0.3453333333333333,30.975600000000004,-4.207599999999999,-1.8536,B,ohp,heavy,87
2019-01-11 15:40:15.000,-0.3575,0.8895,-0.3755,-12.0122,-10.756,-14.4024,B,ohp,heavy,87
2019-01-11 15:40:15.200,-0.428,0.8686666666666666,-0.3196666666666667,-9.6098,-21.9148,3.878,B,ohp,heavy,87
2019-01-11 15:40:15.400,-0.489,0.9635,-0.3115,-40.1466,-5.670800000000001,14.0732,B,ohp,heavy,87
2019-01-11 15:40:15.600,-0.355,0.913,-0.1506666666666666,-25.1218,-10.2438,25.549,B,ohp,heavy,87
2019-01-11 15:40:15.800,-0.2855,1.044,-0.0595,-11.817,-16.2076,9.7804,B,ohp,heavy,87
2019-01-11 15:40:16.000,-0.3866666666666667,1.2366666666666666,-0.1073333333333333,65.86580000000001,48.0976,-26.6584,B,ohp,heavy,87
2019-01-11 15:40:16.200,-0.377,0.9075,-0.2695,43.2074,12.829399999999998,-15.207400000000002,B,ohp,heavy,87
2019-01-11 15:40:16.400,-0.362,0.806,-0.3939999999999999,4.378,-13.0856,-0.6341999999999999,B,ohp,heavy,87
2019-01-11 15:40:16.600,-0.3685,0.8335,-0.4535,-31.6952,-8.305,19.3292,B,ohp,heavy,87
2019-01-11 15:40:16.800,-0.251,0.7283333333333334,-0.2126666666666666,-66.866,5.2802,36.7438,B,ohp,heavy,87
2019-01-11 15:40:17.000,-0.1624999999999999,0.6965,-0.137,15.122,-8.9148,9.5974,B,ohp,heavy,87
2019-01-11 15:40:17.200,-0.177,0.9706666666666668,-0.128,4.2318,-4.5244,5.6096,B,ohp,heavy,87
2019-01-11 15:40:17.400,-0.1659999999999999,0.9635,-0.1684999999999999,2.2684,-6.549,-16.3416,B,ohp,heavy,87
2019-01-11 15:40:17.600,-0.1606666666666666,0.5933333333333334,-0.145,49.24399999999999,9.1586,-32.0732,B,ohp,heavy,87
2019-01-11 15:40:17.800,-0.3964999999999999,0.9475,-0.3505,30.4758,-1.622,-12.816999999999998,B,ohp,heavy,87
2019-01-11 15:40:18.000,-0.3686666666666666,0.8663333333333334,-0.4313333333333333,6.0242,-0.2559999999999998,0.5241999999999998,B,ohp,heavy,87
2019-01-11 15:40:18.200,-0.38,0.8035000000000001,-0.418,-17.6218,-11.6952,8.0242,B,ohp,heavy,87
2019-01-11 15:40:18.400,-0.4023333333333334,0.95,-0.3176666666666666,-40.8658,-4.2196,8.7804,B,ohp,heavy,87
2019-01-11 15:40:18.600,-0.3315,0.9655,-0.2215,-36.1584,-12.573,18.0244,B,ohp,heavy,87
2019-01-11 15:40:18.800,-0.264,0.9446666666666664,-0.0853333333333333,-13.756,-18.9144,15.756200000000002,B,ohp,heavy,87
2019-01-11 15:40:19.000,-0.29,1.2435,-0.075,4.805,8.7072,-8.9268,B,ohp,heavy,87
2019-01-11 15:40:19.200,-0.335,1.084666666666667,-0.1236666666666666,75.6586,29.8904,-16.7686,B,ohp,heavy,87
2019-01-11 15:40:19.400,-0.3369999999999999,0.868,-0.3125,23.0122,-11.2438,-20.5366,B,ohp,heavy,87
2019-01-11 15:40:19.600,-0.3713333333333333,0.8086666666666668,-0.3866666666666667,10.4268,-4.6342,-3.7926,B,ohp,heavy,87
2019-01-11 15:40:19.800,-0.401,0.774,-0.3235,-7.0732,5.219600000000001,6.1706,B,ohp,heavy,87
2019-01-11 15:40:20.000,-0.3576666666666666,0.8406666666666666,-0.3979999999999999,-24.0366,-17.9756,29.2804,B,ohp,heavy,87
2019-01-11 15:40:20.200,-0.209,0.8280000000000001,-0.159,-83.7074,24.1708,25.4514,B,ohp,heavy,87
2019-01-11 15:40:20.400,-0.1716666666666666,0.8109999999999999,-0.1336666666666666,31.7318,-5.4148,1.3050000000000002,B,ohp,heavy,87
2019-01-11 15:40:20.600,-0.2135,0.911,-0.158,9.7928,-7.6342,12.0488,B,ohp,heavy,87
2019-01-11 15:40:20.800,-0.1543333333333333,0.958,-0.1673333333333333,-11.3416,-6.658799999999999,-4.0366,B,ohp,heavy,87
2019-01-11 15:40:21.000,-0.183,0.9515,-0.1345,0.305,-11.2318,-13.4268,B,ohp,heavy,87
2019-01-11 15:40:21.200,-0.2113333333333333,0.7953333333333333,-0.1196666666666666,27.439,13.8046,-18.061,B,ohp,heavy,87
2019-01-11 15:40:21.400,-0.2715,0.7150000000000001,-0.1415,6.5366,15.3416,-44.683,B,ohp,heavy,87
2019-01-11 15:40:21.600,-0.3893333333333333,0.7983333333333333,-0.284,31.1466,1.1342,7.2926,B,ohp,heavy,87
2019-01-11 15:40:21.800,-0.4245,0.897,-0.32,-18.7928,-13.1464,11.9636,B,ohp,heavy,87
2019-01-11 15:40:22.000,-0.4153333333333333,0.9596666666666668,-0.2286666666666666,-43.561,-18.8538,11.6338,B,ohp,heavy,87
2019-01-11 15:40:22.200,-0.372,1.0154999999999998,-0.0365,-45.0366,-23.8778,20.134,B,ohp,heavy,87
2019-01-11 15:40:22.400,-0.2943333333333333,1.0336666666666667,0.055,-20.9024,-18.512,14.548600000000002,B,ohp,heavy,87
2019-01-11 15:40:22.600,-0.3285,1.2919999999999998,0.128,34.68300000000001,23.195,-8.622,B,ohp,heavy,87
2019-01-11 15:40:22.800,-0.3396666666666666,0.955,-0.0046666666666666,78.9144,-11.207199999999998,-31.317,B,ohp,heavy,87
2019-01-11 15:40:23.000,-0.347,0.855,-0.2224999999999999,28.244,12.134,-23.7804,B,ohp,heavy,87
2019-01-11 15:40:23.200,-0.4693333333333333,0.8146666666666667,-0.3206666666666666,11.561,1.366,0.183,B,ohp,heavy,87
2019-01-11 15:40:23.400,-0.472,0.8185,-0.3535,-25.5366,0.8904,0.9998000000000002,B,ohp,heavy,87
2019-01-11 15:40:23.600,-0.4006666666666666,0.8146666666666667,-0.2806666666666667,-31.6342,15.231799999999998,22.1464,B,ohp,heavy,87
2019-01-11 15:40:23.800,-0.3195,0.753,-0.179,1.5974000000000004,-13.3536,33.4268,B,ohp,heavy,87
2019-01-11 15:40:24.000,-0.247,0.8266666666666667,-0.1233333333333333,-33.4754,-4.0122,15.609800000000002,B,ohp,heavy,87
2019-01-11 15:40:24.200,-0.159,0.9235,-0.1815,16.2806,-0.5001999999999996,-3.2076,B,ohp,heavy,87
2019-01-11 15:40:24.400,-0.238,0.8726666666666666,-0.1633333333333333,15.341399999999998,1.0853999999999997,-6.8904,B,ohp,heavy,87
2019-01-11 15:40:24.600,-0.1915,0.6475,-0.1765,45.7926,3.926600000000001,-17.6464,B,ohp,heavy,87
2019-01-11 15:40:24.800,-0.3086666666666666,0.8109999999999999,-0.3296666666666666,18.9634,3.0608000000000004,-5.4024,B,ohp,heavy,87
2019-01-11 15:40:25.000,-0.3095,0.868,-0.381,-14.316999999999998,1.768000000000001,4.805,B,ohp,heavy,87
2019-01-11 15:40:25.200,-0.304,0.942,-0.3409999999999999,-15.0976,-7.1584,29.8536,B,ohp,heavy,87
2019-01-11 15:40:25.400,-0.244,1.0735,-0.3045,-40.134,-16.366,35.9146,B,ohp,heavy,87
2019-01-11 15:40:25.600,-0.1236666666666666,1.0676666666666663,-0.2173333333333333,-6.2074,-32.817,13.4876,B,ohp,heavy,87
2019-01-11 15:40:25.800,-0.0865,0.9775,-0.0495,-21.138,-8.150333333333334,0.1423333333333332,B,ohp,heavy,87
2019-01-11 15:42:43.400,-0.136,0.986,-0.053,-4.29875,-0.7317499999999999,0.2135,B,ohp,heavy,52
2019-01-11 15:42:43.600,-0.1649999999999999,0.956,-0.0069999999999999,-13.890199999999998,4.0612,-2.195,B,ohp,heavy,52
2019-01-11 15:42:43.800,-0.157,0.9443333333333334,0.0116666666666666,3.317,-9.512,2.744,B,ohp,heavy,52
2019-01-11 15:42:44.000,-0.1555,0.8480000000000001,0.001,6.1952,-2.768,4.3536,B,ohp,heavy,52
2019-01-11 15:42:44.200,-0.2036666666666666,1.378,0.0513333333333333,4.3904,2.817,-8.1952,B,ohp,heavy,52
2019-01-11 15:42:44.400,-0.31,1.1155,-0.1245,75.76820000000001,26.9878,-57.7684,B,ohp,heavy,52
2019-01-11 15:42:44.600,-0.2823333333333333,0.765,-0.246,6.2804,7.2438,-3.9756,B,ohp,heavy,52
2019-01-11 15:42:44.800,-0.3245,0.8714999999999999,-0.3339999999999999,-41.2562,-4.7806,6.817,B,ohp,heavy,52
2019-01-11 15:42:45.000,-0.251,0.7833333333333333,-0.103,-73.5854,-7.2072,37.1342,B,ohp,heavy,52
2019-01-11 15:42:45.200,-0.176,0.6905,0.011,14.6708,-12.1096,24.4756,B,ohp,heavy,52
2019-01-11 15:42:45.400,-0.1349999999999999,0.9733333333333332,0.0403333333333333,-10.6832,1.6705999999999996,-1.6586,B,ohp,heavy,52
2019-01-11 15:42:45.600,-0.1345,0.9585,0.0849999999999999,9.7196,-2.244,5.561,B,ohp,heavy,52
2019-01-11 15:42:45.800,-0.158,0.956,0.0836666666666666,6.0122,-2.1828,1.6586,B,ohp,heavy,52
2019-01-11 15:42:46.000,-0.1365,0.956,0.0355,9.8782,-4.2804,2.6952000000000003,B,ohp,heavy,52
2019-01-11 15:42:46.200,-0.1286666666666666,0.925,-0.0116666666666666,13.231799999999998,-11.1342,-9.5732,B,ohp,heavy,52
2019-01-11 15:42:46.400,-0.105,0.6495,-0.0875,49.1098,16.7682,-24.0854,B,ohp,heavy,52
2019-01-11 15:42:46.600,-0.237,0.9206666666666666,-0.242,35.573,-1.9878,-6.7684,B,ohp,heavy,52
2019-01-11 15:42:46.800,-0.2225,0.8325,-0.3525,8.7196,-4.683,-5.7194,B,ohp,heavy,52
2019-01-11 15:42:47.000,-0.3046666666666666,0.8983333333333334,-0.3363333333333333,-4.9878,-5.195,2.6950000000000003,B,ohp,heavy,52
2019-01-11 15:42:47.200,-0.286,0.9555,-0.286,-40.0976,-10.378,6.2928,B,ohp,heavy,52
2019-01-11 15:42:47.400,-0.2779999999999999,1.0173333333333332,-0.1953333333333333,-44.0854,-12.549,22.195,B,ohp,heavy,52
2019-01-11 15:42:47.600,-0.2125,1.0595,0.0055,-7.500199999999999,-12.6828,13.3416,B,ohp,heavy,52
2019-01-11 15:42:47.800,-0.2346666666666666,1.3163333333333334,-0.1146666666666666,68.46340000000001,20.939,-28.9026,B,ohp,heavy,52
2019-01-11 15:42:48.000,-0.294,0.947,-0.2714999999999999,29.195,4.061,-26.4392,B,ohp,heavy,52
2019-01-11 15:42:48.200,-0.3246666666666666,0.7986666666666666,-0.2816666666666667,-21.2316,-12.7316,-8.6828,B,ohp,heavy,52
2019-01-11 15:42:48.400,-0.32,0.8260000000000001,-0.2215,-31.5002,17.2072,15.3656,B,ohp,heavy,52
2019-01-11 15:42:48.600,-0.297,0.8443333333333333,-0.1263333333333333,-32.5974,-12.7928,19.9268,B,ohp,heavy,52
2019-01-11 15:42:48.800,-0.1865,0.89,0.0144999999999999,-17.9024,-15.817000000000002,46.3658,B,ohp,heavy,52
2019-01-11 15:42:49.000,-0.085,0.8493333333333334,-0.03,18.6706,-3.2682,3.4024,B,ohp,heavy,52
2019-01-11 15:42:49.200,-0.068,0.9675,-0.0564999999999999,-1.1342,-4.158399999999999,-0.1342,B,ohp,heavy,52
2019-01-11 15:42:49.400,-0.091,0.985,-0.02,-0.8902000000000001,-1.2684000000000002,0.3658,B,ohp,heavy,52
2019-01-11 15:42:49.600,-0.079,0.963,-0.011,-1.0612,-1.2562000000000002,-0.5363999999999998,B,ohp,heavy,52
2019-01-11 15:42:49.800,-0.1053333333333333,0.9503333333333334,-0.009,-2.8294,-2.5976,-6.8902,B,ohp,heavy,52
2019-01-11 15:42:50.000,-0.112,1.0195,-0.0004999999999999,11.3414,-5.6098,7.4632,B,ohp,heavy,52
2019-01-11 15:42:50.200,-0.1066666666666666,0.9273333333333332,-0.0453333333333333,-8.9636,-11.9144,-14.2804,B,ohp,heavy,52
2019-01-11 15:42:50.400,-0.1415,0.73,0.0,42.2804,9.4024,-24.0244,B,ohp,heavy,52
2019-01-11 15:42:50.600,-0.2226666666666666,0.842,-0.1646666666666666,27.6218,8.7562,-20.878,B,ohp,heavy,52
2019-01-11 15:42:50.800,-0.266,0.9065,-0.2784999999999999,16.939,-11.5366,-9.2562,B,ohp,heavy,52
2019-01-11 15:42:51.000,-0.3533333333333333,0.9216666666666667,-0.2743333333333333,7.9512,3.9146,-4.4512,B,ohp,heavy,52
2019-01-11 15:42:51.200,-0.374,0.9325,-0.3045,-7.3172,-3.951000000000001,-2.805,B,ohp,heavy,52
2019-01-11 15:42:51.400,-0.348,0.8846666666666666,-0.26,-37.683,-9.3296,4.4634,B,ohp,heavy,52
2019-01-11 15:42:51.600,-0.361,1.049,-0.195,-21.695,-10.244,30.3294,B,ohp,heavy,52
2019-01-11 15:42:51.800,-0.2306666666666666,0.9276666666666668,-0.0496666666666666,-21.3782,-11.5002,14.7928,B,ohp,heavy,52
2019-01-11 15:42:52.000,-0.1845,1.011,0.026,-11.7074,-11.805,10.8414,B,ohp,heavy,52
2019-01-11 15:42:52.200,-0.2376666666666667,1.2673333333333334,-0.005,60.80460000000001,23.3902,-21.8782,B,ohp,heavy,52
2019-01-11 15:42:52.400,-0.3025,0.976,-0.235,57.62179999999999,16.3292,-34.9514,B,ohp,heavy,52
2019-01-11 15:42:52.600,-0.324,0.8313333333333333,-0.3486666666666667,4.122,-11.8416,-9.7076,B,ohp,heavy,52
2019-01-11 15:42:52.800,-0.3695,0.8085,-0.384,-26.9146,0.4756,12.3416,B,ohp,heavy,52
2019-01-11 15:42:53.000,-0.3113333333333333,0.8763333333333333,-0.2193333333333333,-47.2316,-14.768200000000002,27.6462,B,ohp,heavy,52
2019-01-11 15:42:53.200,-0.1679999999999999,0.739,-0.0325,-28.5854,-10.317,40.4026,B,ohp,heavy,52
2019-01-11 15:42:53.400,-0.1066666666666666,0.8889999999999999,-0.038,7.9392,-1.4758,-1.243999999999999,B,ohp,heavy,52
2019-01-11 15:42:53.600,-0.1145,0.887,-0.0535,6.756,-9.5246,-7.7318,B,ohp,heavy,52
2019-01-11 15:42:53.800,-0.1119999999999999,0.6589999999999999,-0.0806666666666666,55.4024,15.0,-32.6096,B,ohp,heavy,52
2019-01-11 15:42:54.000,-0.3319999999999999,0.9545,-0.2175,26.9634,-7.1828,-23.5976,B,ohp,heavy,52
2019-01-11 15:42:54.200,-0.3349999999999999,0.8623333333333333,-0.291,4.3902,-12.2316,-5.256,B,ohp,heavy,52
2019-01-11 15:42:54.400,-0.4385,0.8875,-0.248,-18.11,-1.1584,-14.3534,B,ohp,heavy,52
2019-01-11 15:42:54.600,-0.455,0.983,-0.2573333333333333,-38.622,-18.4634,34.0974,B,ohp,heavy,52
2019-01-11 15:42:54.800,-0.3379999999999999,1.009,-0.0725,-17.439,-10.2194,34.5974,B,ohp,heavy,52
2019-01-11 15:42:55.000,-0.2636666666666666,1.2163333333333333,-0.09,16.4878,17.1462,-5.6954,B,ohp,heavy,52
2019-01-11 15:42:55.200,-0.3305,1.1044999999999998,-0.208,51.5732,14.963399999999998,-25.0368,B,ohp,heavy,52
2019-01-11 15:42:55.400,-0.3026666666666666,0.8300000000000001,-0.2553333333333333,10.4388,9.317,-20.9514,B,ohp,heavy,52
2019-01-11 15:42:55.600,-0.33,0.795,-0.326,11.7438,2.9146000000000005,5.3904000000000005,B,ohp,heavy,52
2019-01-11 15:42:55.800,-0.3493333333333333,0.8626666666666667,-0.3536666666666666,-24.3414,-4.0366,4.0366,B,ohp,heavy,52
2019-01-11 15:42:56.000,-0.317,0.883,-0.241,-40.317,-22.5854,21.939,B,ohp,heavy,52
2019-01-11 15:42:56.200,-0.2029999999999999,0.7559999999999999,-0.1146666666666666,-21.5612,-11.3778,38.439,B,ohp,heavy,52
2019-01-11 15:42:56.400,-0.134,0.883,-0.0574999999999999,-2.8534,13.695,1.4388,B,ohp,heavy,52
2019-01-11 15:42:56.600,-0.1493333333333333,0.976,-0.0483333333333333,3.2682,-4.073,3.4512,B,ohp,heavy,52
2019-01-11 15:42:56.800,-0.136,0.9865,-0.0615,6.5246,-4.2194,2.3902,B,ohp,heavy,52
2019-01-11 15:42:57.000,-0.1356666666666666,0.962,-0.0606666666666666,1.6828000000000003,-0.7928000000000001,1.4756,B,ohp,heavy,52
2019-01-11 15:42:57.200,-0.129,0.952,-0.0405,-2.7562,10.4754,-9.0488,B,ohp,heavy,52
2019-01-11 15:42:57.400,-0.1473333333333333,0.7383333333333333,-0.137,46.3902,-9.2072,-16.5852,B,ohp,heavy,52
2019-01-11 15:42:57.600,-0.2045,0.8365,-0.1674999999999999,18.5978,17.7074,-27.256,B,ohp,heavy,52
2019-01-11 15:42:57.800,-0.2993333333333333,0.8796666666666667,-0.329,33.5976,-17.0978,-3.512,B,ohp,heavy,52
2019-01-11 15:42:58.000,-0.373,0.8805000000000001,-0.3555,3.0486000000000004,4.7318,7.6584,B,ohp,heavy,52
2019-01-11 15:42:58.200,-0.3013333333333333,0.899,-0.3739999999999999,-31.219600000000003,-13.5244,17.8294,B,ohp,heavy,52
2019-01-11 15:42:58.400,-0.2855,1.0155,-0.249,-56.988,-19.5486,20.6342,B,ohp,heavy,52
2019-01-11 15:42:58.600,-0.1966666666666666,1.0306666666666666,-0.0473333333333333,-31.7438,-20.8414,13.487799999999998,B,ohp,heavy,52
2019-01-11 15:42:58.800,-0.21,1.341,0.0244999999999999,36.6828,23.866,-15.341399999999998,B,ohp,heavy,52
2019-01-11 15:42:59.000,-0.248,1.032,-0.1353333333333333,54.1586,13.7072,-38.4268,B,ohp,heavy,52
2019-01-11 15:42:59.200,-0.3279999999999999,0.8285,-0.2794999999999999,27.5366,6.244,-9.5852,B,ohp,heavy,52
2019-01-11 15:42:59.400,-0.3383333333333333,0.8079999999999999,-0.3409999999999999,-1.1828,2.317,-6.756,B,ohp,heavy,52
2019-01-11 15:42:59.600,-0.374,0.8325,-0.3864999999999999,-20.256,-7.4024,5.816800000000001,B,ohp,heavy,52
2019-01-11 15:42:59.800,-0.3409999999999999,0.8993333333333333,-0.2703333333333333,-40.6344,-14.634,20.0854,B,ohp,heavy,52
2019-01-11 15:43:00.000,-0.208,0.8534999999999999,-0.0765,-37.1952,-0.1828000000000003,57.15840000000001,B,ohp,heavy,52
2019-01-11 15:43:00.200,-0.1186666666666666,0.7703333333333333,-0.0703333333333333,-0.3171999999999997,1.4634,-7.451400000000001,B,ohp,heavy,52
2019-01-11 15:43:00.400,-0.199,1.002,0.0289999999999999,16.1584,-10.3414,-5.9512,B,ohp,heavy,52
2019-01-11 15:43:00.600,-0.1596666666666666,0.742,-0.0753333333333333,26.8902,-0.5243999999999998,-31.512,B,ohp,heavy,52
2019-01-11 15:43:00.800,-0.208,0.757,-0.2105,37.3414,8.0244,-16.6218,B,ohp,heavy,52
2019-01-11 15:43:01.000,-0.2973333333333333,0.875,-0.2563333333333333,20.5,-0.2927999999999997,-0.8903999999999996,B,ohp,heavy,52
2019-01-11 15:43:01.200,-0.4225,0.961,-0.2754999999999999,-28.0,-13.744,6.1586,B,ohp,heavy,52
2019-01-11 15:43:01.400,-0.3343333333333333,1.0116666666666667,-0.2016666666666666,-48.8536,-20.6096,33.4756,B,ohp,heavy,52
2019-01-11 15:43:01.600,-0.1674999999999999,1.1095000000000002,-0.105,-13.4026,-6.7806000000000015,36.6586,B,ohp,heavy,52
2019-01-11 15:43:01.800,-0.1023333333333333,1.0296666666666667,-0.0273333333333333,-1.134,-3.8904,3.646,B,ohp,heavy,52
2019-01-11 15:43:02.000,-0.095,0.988,-0.017,3.567,-1.7985,10.5185,B,ohp,heavy,52
2019-01-11 15:45:56.000,-0.101,1.056,0.107,-2.6708,-7.256,8.8416,B,ohp,heavy,21
2019-01-11 15:45:56.200,-0.132,1.2665,0.0785,33.41459999999999,13.0976,-29.2804,B,ohp,heavy,21
2019-01-11 15:45:56.400,-0.2836666666666667,1.1263333333333334,-0.0813333333333333,61.9634,35.378,-49.4146,B,ohp,heavy,21
2019-01-11 15:45:56.600,-0.2995,0.757,-0.1825,2.3658,3.683,-10.817,B,ohp,heavy,21
2019-01-11 15:45:56.800,-0.3103333333333333,0.7286666666666667,-0.2596666666666666,1.9634,5.707599999999999,-2.2682,B,ohp,heavy,21
2019-01-11 15:45:57.000,-0.369,0.919,-0.2425,-17.1948,5.1342,13.4756,B,ohp,heavy,21
2019-01-11 15:45:57.200,-0.2833333333333333,0.898,-0.2019999999999999,-26.256,-20.0732,37.4878,B,ohp,heavy,21
2019-01-11 15:45:57.400,-0.1865,0.772,-0.0375,-30.6344,43.9756,32.683,B,ohp,heavy,21
2019-01-11 15:45:57.600,-0.0689999999999999,0.952,-0.09,10.0612,-30.7318,7.487999999999999,B,ohp,heavy,21
2019-01-11 15:45:57.800,-0.0815,0.913,-0.1105,0.2562000000000003,-15.744,-15.012200000000002,B,ohp,heavy,21
2019-01-11 15:45:58.000,-0.081,0.757,-0.0853333333333333,35.5732,6.5976,-21.817,B,ohp,heavy,21
2019-01-11 15:45:58.200,-0.2065,0.947,-0.268,38.1582,-16.744,-18.8048,B,ohp,heavy,21
2019-01-11 15:45:58.400,-0.2556666666666666,0.8583333333333334,-0.2686666666666666,14.2924,-2.5001999999999995,-10.134,B,ohp,heavy,21
2019-01-11 15:45:58.600,-0.3285,0.8734999999999999,-0.3065,-5.7684,-9.9024,-2.5976,B,ohp,heavy,21
2019-01-11 15:45:58.800,-0.3566666666666667,0.9373333333333332,-0.2566666666666666,-21.6584,-10.378,14.073000000000002,B,ohp,heavy,21
2019-01-11 15:45:59.000,-0.3145,1.0154999999999998,-0.21,-36.756,-6.6464,23.3292,B,ohp,heavy,21
2019-01-11 15:45:59.200,-0.282,1.2443333333333333,-0.1616666666666666,18.4756,9.012,-3.4512,B,ohp,heavy,21
2019-01-11 15:45:59.400,-0.322,1.2374999999999998,-0.3315,81.4024,20.1586,-34.9514,B,ohp,heavy,21
2019-01-11 15:45:59.600,-0.3383333333333334,0.8196666666666667,-0.411,-2.7074,-5.0732,-15.438999999999998,B,ohp,heavy,21
2019-01-11 15:45:59.800,-0.3485,0.775,-0.374,-40.744,-16.0244,21.0488,B,ohp,heavy,21
2019-01-11 15:46:00.000,-0.2366666666666666,0.6786666666666666,-0.183,-58.7436,-0.8414000000000001,49.4636,B,ohp,heavy,21
2019-01-11 15:46:00.200,-0.1435,0.731,-0.16,3.4148,-0.7805999999999994,1.4024,B,ohp,heavy,21
2019-01-11 15:46:00.400,-0.1516666666666666,0.7026666666666667,-0.124,42.5,-9.792600000000002,-29.243600000000004,B,ohp,heavy,21
2019-01-11 15:46:00.600,-0.232,0.802,-0.291,38.573,3.061,-18.0122,B,ohp,heavy,21
2019-01-11 15:46:00.800,-0.3389999999999999,0.8923333333333333,-0.288,-14.8168,-7.1464,4.365799999999999,B,ohp,heavy,21
2019-01-11 15:46:01.000,-0.344,0.979,-0.2455,-44.2928,-12.7318,11.878,B,ohp,heavy,21
2019-01-11 15:46:01.200,-0.318,1.1196666666666666,-0.0893333333333333,-53.41459999999999,-25.622000000000003,29.3904,B,ohp,heavy,21
2019-01-11 15:46:01.400,-0.287,1.4805,0.0395,71.7804,29.9632,-24.439,B,ohp,heavy,21
2019-01-11 15:46:01.600,-0.34,1.022333333333333,-0.2739999999999999,64.7074,-1.1098,-33.9514,B,ohp,heavy,21
2019-01-11 15:46:01.800,-0.3665,0.769,-0.3755,-11.7316,-4.0,-2.671,B,ohp,heavy,21
2019-01-11 15:46:02.000,-0.3553333333333333,0.7883333333333334,-0.317,-39.7074,-4.0122,19.9268,B,ohp,heavy,21
2019-01-11 15:46:02.200,-0.24,0.764,-0.1345,-59.061,5.7926,43.561,B,ohp,heavy,21
2019-01-11 15:46:02.400,-0.1473333333333333,0.6513333333333334,-0.104,19.2804,-10.5368,-17.3536,B,ohp,heavy,21
2019-01-11 15:46:02.600,-0.182,0.5965,-0.134,61.3658,9.561,-39.0488,B,ohp,heavy,21
2019-01-11 15:46:02.800,-0.3913333333333333,0.8969999999999999,-0.3246666666666666,19.5124,-1.8414,-2.8416,B,ohp,heavy,21
2019-01-11 15:46:03.000,-0.3875,0.782,-0.316,-8.195,-5.976000000000001,2.9146,B,ohp,heavy,21
2019-01-11 15:46:03.200,-0.4336666666666666,0.971,-0.273,-47.39,-19.439,27.7682,B,ohp,heavy,21
2019-01-11 15:46:03.400,-0.2754999999999999,1.028,-0.1144999999999999,-42.5852,-14.4268,27.5,B,ohp,heavy,21
2019-01-11 15:46:03.600,-0.3496666666666666,1.35,-0.068,39.5122,24.8294,-19.683,B,ohp,heavy,21
2019-01-11 15:46:03.800,-0.3505,0.962,-0.169,67.512,21.5244,-17.4878,B,ohp,heavy,21
2019-01-11 15:46:04.000,-0.332,0.8513333333333333,-0.3776666666666666,5.7562,-14.121800000000002,-8.4514,B,ohp,heavy,21
2019-01-11 15:46:04.200,-0.32,0.815,-0.3625,-12.6708,-5.4024,10.244,B,ohp,heavy,21
2019-01-11 15:46:04.400,-0.3043333333333333,0.8633333333333333,-0.3066666666666666,-63.78060000000001,-7.0976,35.6096,B,ohp,heavy,21
2019-01-11 15:46:04.600,-0.135,0.5589999999999999,-0.1565,-19.061,-1.7560000000000002,19.0612,B,ohp,heavy,21
2019-01-11 15:46:04.800,-0.1843333333333333,0.8856666666666667,-0.0393333333333333,1.5852000000000004,-12.792599999999998,-15.1096,B,ohp,heavy,21
2019-01-11 15:46:05.000,-0.1275,0.4935,-0.087,67.7804,22.9392,-38.5976,B,ohp,heavy,21
2019-01-11 15:46:05.200,-0.353,0.88,-0.3213333333333333,20.366,-8.4632,-9.354,B,ohp,heavy,21
2019-01-11 15:46:05.400,-0.398,0.8745,-0.265,-29.695,-6.6584,6.4392,B,ohp,heavy,21
2019-01-11 15:46:05.600,-0.4003333333333334,1.0163333333333333,-0.2086666666666666,-47.695,-18.7318,22.9514,B,ohp,heavy,21
2019-01-11 15:46:05.800,-0.3345,1.0655,-0.046,-30.8536,-19.7928,15.5364,B,ohp,heavy,21
2019-01-11 15:46:06.000,-0.344,1.3310000000000002,-0.0423333333333333,66.5732,43.4268,-25.0242,B,ohp,heavy,21
2019-01-11 15:46:06.200,-0.3665,0.91,-0.2225,42.4636,7.878,-12.1098,B,ohp,heavy,21
2019-01-11 15:46:06.400,-0.3363333333333333,0.818,-0.3343333333333333,14.2804,-0.4148000000000003,-1.9512,B,ohp,heavy,21
2019-01-11 15:46:06.600,-0.3555,0.8135,-0.357,-10.3536,-19.2198,-0.0243999999999999,B,ohp,heavy,21
2019-01-11 15:46:06.800,-0.3553333333333333,0.875,-0.3136666666666667,-36.329,-5.694999999999999,32.1584,B,ohp,heavy,21
2019-01-11 15:46:07.000,-0.191,0.7235,-0.142,-32.756,-8.7196,48.7562,B,ohp,heavy,21
2019-01-11 15:46:07.200,-0.1316666666666666,0.8413333333333334,-0.1383333333333333,-5.4148,6.561,-3.5366,B,ohp,heavy,21
2019-01-11 15:46:07.400,-0.1335,0.9485,-0.0605,-2.1708000000000003,-1.561,-0.0976,B,ohp,heavy,21
2019-01-11 15:46:07.600,-0.149,0.9606666666666666,-0.06,4.244,-0.4145999999999999,0.8413999999999999,B,ohp,heavy,21
2019-01-11 15:46:07.800,-0.122,0.944,-0.0605,-1.7317999999999998,-9.6708,-8.9756,B,ohp,heavy,21
2019-01-11 15:46:08.000,-0.1113333333333333,0.634,-0.1123333333333333,53.9756,16.0,-32.634,B,ohp,heavy,21
2019-01-11 15:46:08.200,-0.3025,0.8514999999999999,-0.2525,43.0,-2.6098,-9.9998,B,ohp,heavy,21
2019-01-11 15:46:08.400,-0.3043333333333333,0.9366666666666666,-0.3859999999999999,5.8536,1.7561999999999998,12.5976,B,ohp,heavy,21
2019-01-11 15:46:08.600,-0.261,0.9355,-0.36,-34.2438,-19.7318,28.2438,B,ohp,heavy,21
2019-01-11 15:46:08.800,-0.2266666666666666,1.114,-0.3086666666666666,-31.3902,-21.561,26.3658,B,ohp,heavy,21
2019-01-11 15:46:09.000,-0.1545,1.035,-0.18,-4.646199999999999,-1.5854,11.5,B,ohp,heavy,21
2019-01-11 15:46:09.200,-0.0773333333333333,0.959,-0.1526666666666666,-7.7562,-9.5244,-8.256,B,ohp,heavy,21
2019-01-11 15:48:54.800,-0.118,0.9685,0.0345,-2.5,-2.927,1.427,B,ohp,medium,84
2019-01-11 15:48:55.000,-0.103,0.9445,0.0495,2.0488,-3.0488,2.8292,B,ohp,medium,84
2019-01-11 15:48:55.200,-0.1033333333333333,1.0216666666666667,0.0483333333333333,-3.2318,-5.7682,-4.304600000000001,B,ohp,medium,84
2019-01-11 15:48:55.400,-0.2299999999999999,1.5095,-0.0535,99.9512,45.2682,-53.1828,B,ohp,medium,84
2019-01-11 15:48:55.600,-0.316,0.913,-0.2816666666666667,-0.0975999999999999,-19.0852,-25.817,B,ohp,medium,84
2019-01-11 15:48:55.800,-0.297,0.6935,-0.2309999999999999,-32.305,5.6708,3.9392,B,ohp,medium,84
2019-01-11 15:48:56.000,-0.321,0.8436666666666667,-0.1163333333333333,-42.5242,4.8048,28.524400000000004,B,ohp,medium,84
2019-01-11 15:48:56.200,-0.1699999999999999,0.6819999999999999,-0.0844999999999999,-18.0368,27.8902,41.0364,B,ohp,medium,84
2019-01-11 15:48:56.400,-0.1216666666666666,0.9409999999999998,-0.054,10.4754,-28.4266,-4.1094,B,ohp,medium,84
2019-01-11 15:48:56.600,-0.102,0.5585,-0.08,43.8416,-6.0,-40.0,B,ohp,medium,84
2019-01-11 15:48:56.800,-0.2446666666666666,0.7806666666666667,-0.2043333333333333,37.2684,9.6952,-22.073,B,ohp,medium,84
2019-01-11 15:48:57.000,-0.378,0.908,-0.275,-2.805,-17.6342,1.9512,B,ohp,medium,84
2019-01-11 15:48:57.200,-0.3946666666666667,0.9543333333333334,-0.1906666666666666,-63.75599999999999,-22.1098,25.3904,B,ohp,medium,84
2019-01-11 15:48:57.400,-0.3495,1.221,0.046,-36.1584,-24.4268,17.1462,B,ohp,medium,84
2019-01-11 15:48:57.600,-0.3819999999999999,1.4799999999999998,-0.0593333333333333,101.9758,45.6954,-25.1708,B,ohp,medium,84
2019-01-11 15:48:57.800,-0.369,0.917,-0.2555,6.7194,1.9024,-11.0608,B,ohp,medium,84
2019-01-11 15:48:58.000,-0.222,0.7176666666666667,-0.22,-60.39,-7.5854,37.3902,B,ohp,medium,84
2019-01-11 15:48:58.200,-0.048,-0.032,-0.1175,50.1218,6.1828,-28.9756,B,ohp,medium,84
2019-01-11 15:48:58.400,-0.296,0.836,-0.2576666666666666,11.6952,-6.0612,-2.2804,B,ohp,medium,84
2019-01-11 15:48:58.600,-0.3685,1.016,-0.226,-47.5122,-14.536599999999998,14.878199999999998,B,ohp,medium,84
2019-01-11 15:48:58.800,-0.2803333333333333,1.127,-0.1066666666666666,-28.427,-27.1344,34.6098,B,ohp,medium,84
2019-01-11 15:48:59.000,-0.3275,1.6205,-0.1639999999999999,72.7316,31.8048,-25.1342,B,ohp,medium,84
2019-01-11 15:48:59.200,-0.373,1.0756666666666663,-0.3406666666666667,39.9268,-14.792599999999998,-44.366,B,ohp,medium,84
2019-01-11 15:48:59.400,-0.349,0.7645,-0.3455,-44.8052,-10.6098,24.1342,B,ohp,medium,84
2019-01-11 15:48:59.600,-0.1869999999999999,0.5773333333333334,-0.1339999999999999,-72.5976,-7.4026,44.744,B,ohp,medium,84
2019-01-11 15:48:59.800,-0.1285,0.405,-0.1185,60.2682,18.5368,-39.9998,B,ohp,medium,84
2019-01-11 15:49:00.000,-0.255,0.7253333333333334,-0.222,50.5244,16.0486,-6.0488,B,ohp,medium,84
2019-01-11 15:49:00.200,-0.3985,0.914,-0.3,-25.1464,-12.122,9.7928,B,ohp,medium,84
2019-01-11 15:49:00.400,-0.344,1.07,-0.1883333333333333,-68.5732,-38.866,51.75599999999999,B,ohp,medium,84
2019-01-11 15:49:00.600,-0.281,1.588,-0.056,23.939,14.182999999999998,-9.2074,B,ohp,medium,84
2019-01-11 15:49:00.800,-0.2766666666666666,1.1693333333333331,-0.2113333333333333,69.0122,25.634000000000004,-38.317,B,ohp,medium,84
2019-01-11 15:49:01.000,-0.2885,0.8554999999999999,-0.2965,-2.4878,0.0488,-15.487799999999998,B,ohp,medium,84
2019-01-11 15:49:01.200,-0.303,0.816,-0.291,-51.4514,-20.0,25.4024,B,ohp,medium,84
2019-01-11 15:49:01.400,-0.1345,0.565,-0.1345,-30.0854,-11.1342,30.439,B,ohp,medium,84
2019-01-11 15:49:01.600,-0.1523333333333333,0.5136666666666666,-0.1033333333333333,49.1342,13.256,-46.195,B,ohp,medium,84
2019-01-11 15:49:01.800,-0.2875,0.769,-0.2115,16.5364,-10.1586,-16.0364,B,ohp,medium,84
2019-01-11 15:49:02.000,-0.4059999999999999,0.937,-0.1623333333333333,-48.15840000000001,-15.890199999999998,22.0488,B,ohp,medium,84
2019-01-11 15:49:02.200,-0.3685,1.186,-0.0029999999999999,-58.6462,-27.7806,44.9758,B,ohp,medium,84
2019-01-11 15:49:02.400,-0.309,1.4880000000000002,0.1223333333333333,56.6828,8.7196,-28.1952,B,ohp,medium,84
2019-01-11 15:49:02.600,-0.3855,1.01,-0.121,72.9148,26.744,-36.5364,B,ohp,medium,84
2019-01-11 15:49:02.800,-0.3966666666666666,0.863,-0.2793333333333333,-11.2684,3.378,-0.3170000000000001,B,ohp,medium,84
2019-01-11 15:49:03.000,-0.3415,0.8454999999999999,-0.2535,-59.01219999999999,-36.8902,38.0854,B,ohp,medium,84
2019-01-11 15:49:03.200,-0.1486666666666666,0.5756666666666667,-0.074,-10.256,17.1464,32.0974,B,ohp,medium,84
2019-01-11 15:49:03.400,-0.1895,0.9755,0.005,17.7316,-3.1222,2.5732,B,ohp,medium,84
2019-01-11 15:49:03.600,-0.13,0.7783333333333333,-0.1266666666666666,34.0244,-5.9146,-22.3294,B,ohp,medium,84
2019-01-11 15:49:03.800,-0.155,0.5875,-0.2275,56.80500000000001,22.6584,-26.2926,B,ohp,medium,84
2019-01-11 15:49:04.000,-0.3626666666666667,0.8776666666666667,-0.3756666666666666,-12.866199999999996,-20.7438,-16.3048,B,ohp,medium,84
2019-01-11 15:49:04.200,-0.348,0.8654999999999999,-0.233,-45.2558,-4.439,30.4512,B,ohp,medium,84
2019-01-11 15:49:04.400,-0.3423333333333334,1.1233333333333333,-0.166,-64.6464,-35.6464,36.9998,B,ohp,medium,84
2019-01-11 15:49:04.600,-0.241,1.471,0.069,30.7926,12.5366,-9.6828,B,ohp,medium,84
2019-01-11 15:49:04.800,-0.2583333333333333,1.123,-0.1009999999999999,59.31700000000001,23.5124,-27.39,B,ohp,medium,84
2019-01-11 15:49:05.000,-0.28,0.8220000000000001,-0.237,7.2438,13.609800000000002,-12.2072,B,ohp,medium,84
2019-01-11 15:49:05.200,-0.2946666666666667,0.878,-0.308,-18.805,-8.4024,6.5364,B,ohp,medium,84
2019-01-11 15:49:05.400,-0.255,0.8305,-0.135,-50.878,-10.5122,15.463400000000002,B,ohp,medium,84
2019-01-11 15:49:05.600,-0.1783333333333333,0.6086666666666667,-0.1106666666666666,25.439,-7.390000000000001,1.6828000000000003,B,ohp,medium,84
2019-01-11 15:49:05.800,-0.1695,0.5135000000000001,-0.0785,55.7438,-1.061,-23.3656,B,ohp,medium,84
2019-01-11 15:49:06.000,-0.3263333333333333,0.92,-0.288,3.3172,-7.8536,-11.8294,B,ohp,medium,84
2019-01-11 15:49:06.200,-0.415,0.925,-0.2724999999999999,-32.7318,-12.829399999999998,0.2073999999999998,B,ohp,medium,84
2019-01-11 15:49:06.400,-0.399,0.9933333333333332,-0.128,-50.012,-22.0364,35.5974,B,ohp,medium,84
2019-01-11 15:49:06.600,-0.312,1.2135,0.0024999999999999,-5.487800000000002,-11.6342,22.6344,B,ohp,medium,84
2019-01-11 15:49:06.800,-0.3373333333333333,1.404,-0.125,98.0608,33.5366,-33.1584,B,ohp,medium,84
2019-01-11 15:49:07.000,-0.305,0.8280000000000001,-0.228,-16.8048,19.7072,-38.8048,B,ohp,medium,84
2019-01-11 15:49:07.200,-0.312,0.715,-0.2626666666666666,-11.6586,0.5244000000000001,5.5366,B,ohp,medium,84
2019-01-11 15:49:07.400,-0.388,0.9395,-0.2365,-35.3904,-33.9148,36.4026,B,ohp,medium,84
2019-01-11 15:49:07.600,-0.174,0.618,-0.0903333333333333,-14.5976,6.1096,27.0608,B,ohp,medium,84
2019-01-11 15:49:07.800,-0.1845,1.0619999999999998,-0.0335,11.6222,-3.6952,-0.5488,B,ohp,medium,84
2019-01-11 15:49:08.000,-0.178,0.9416666666666668,-0.0993333333333333,6.4756,0.0852000000000002,5.0734,B,ohp,medium,84
2019-01-11 15:49:08.200,-0.1665,0.8655,-0.128,9.439,-11.5974,-12.2682,B,ohp,medium,84
2019-01-11 15:49:08.400,-0.1909999999999999,0.6056666666666667,-0.1533333333333333,26.8658,20.0366,-47.9512,B,ohp,medium,84
2019-01-11 15:49:08.600,-0.347,0.8959999999999999,-0.2485,7.841399999999998,-2.1708000000000003,-1.817,B,ohp,medium,84
2019-01-11 15:49:08.800,-0.4383333333333333,0.9603333333333334,-0.2076666666666666,-20.7684,-10.3416,0.6098000000000002,B,ohp,medium,84
2019-01-11 15:49:09.000,-0.3935,0.969,-0.143,-26.9998,-10.5732,20.3416,B,ohp,medium,84
2019-01-11 15:49:09.200,-0.3316666666666666,1.108,-0.0753333333333333,-22.049,-11.878,18.2562,B,ohp,medium,84
2019-01-11 15:49:09.400,-0.43,1.504,-0.1875,80.39020000000001,26.2806,-17.2314,B,ohp,medium,84
2019-01-11 15:49:09.600,-0.337,0.947,-0.2686666666666666,22.5366,3.8295999999999992,-14.731799999999998,B,ohp,medium,84
2019-01-11 15:49:09.800,-0.3379999999999999,0.774,-0.3355,-24.2926,-45.183,4.7804,B,ohp,medium,84
2019-01-11 15:49:10.000,-0.2633333333333333,0.7386666666666667,-0.1616666666666666,-33.0124,-10.683,59.2318,B,ohp,medium,84
2019-01-11 15:49:10.200,-0.1385,0.6014999999999999,-0.118,10.5608,9.3534,11.4512,B,ohp,medium,84
2019-01-11 15:49:10.400,-0.1433333333333333,0.9843333333333332,-0.1446666666666667,-2.2806,-3.5,-1.9388,B,ohp,medium,84
2019-01-11 15:49:10.600,-0.13,0.623,-0.1315,2.6218000000000004,-0.1098,-50.2926,B,ohp,medium,84
2019-01-11 15:49:10.800,-0.315,0.7656666666666666,-0.1703333333333333,50.0,13.841399999999998,-32.8536,B,ohp,medium,84
2019-01-11 15:49:11.000,-0.401,0.831,-0.2585,1.4512,-3.4024,17.3658,B,ohp,medium,84
2019-01-11 15:49:11.200,-0.423,0.982,-0.2286666666666666,-50.183,-10.1342,16.2684,B,ohp,medium,84
2019-01-11 15:49:11.400,-0.4035,1.152,-0.106,-38.3782,-16.8172,15.5244,B,ohp,medium,84
2019-01-11 15:49:11.600,-0.451,1.401333333333333,-0.1666666666666666,100.012,39.061,-26.2194,B,ohp,medium,84
2019-01-11 15:49:11.800,-0.3865,0.872,-0.365,25.5124,-13.1828,-4.048800000000001,B,ohp,medium,84
2019-01-11 15:49:12.000,-0.395,0.775,-0.3523333333333333,-40.2438,-18.2318,7.0854,B,ohp,medium,84
2019-01-11 15:49:12.200,-0.2675,0.765,-0.1965,-63.30499999999999,-4.194800000000001,59.5364,B,ohp,medium,84
2019-01-11 15:49:12.400,-0.1233333333333333,0.6423333333333333,-0.0926666666666666,15.512,7.5854,16.0732,B,ohp,medium,84
2019-01-11 15:49:12.600,-0.1435,1.0510000000000002,-0.0999999999999999,-2.6342,-9.6708,6.1464,B,ohp,medium,84
2019-01-11 15:49:12.800,-0.143,0.957,-0.1016666666666666,2.3902,-1.2804000000000002,-2.6340000000000003,B,ohp,medium,84
2019-01-11 15:49:13.000,-0.1335,0.8680000000000001,-0.11,3.4026000000000005,-11.9876,-22.695,B,ohp,medium,84
2019-01-11 15:49:13.200,-0.156,0.5616666666666666,-0.13,49.817,25.122,-30.4636,B,ohp,medium,84
2019-01-11 15:49:13.400,-0.355,0.961,-0.258,3.6586,7.634,-17.9022,B,ohp,medium,84
2019-01-11 15:49:13.600,-0.3833333333333333,0.9423333333333334,-0.2319999999999999,-40.573,-14.426600000000002,11.7928,B,ohp,medium,84
2019-01-11 15:49:13.800,-0.3595,1.0845,-0.1435,-60.8414,-33.7562,32.9514,B,ohp,medium,84
2019-01-11 15:49:14.000,-0.3453333333333333,1.3796666666666668,0.0826666666666666,38.7196,4.865799999999998,-9.0244,B,ohp,medium,84
2019-01-11 15:49:14.200,-0.3349999999999999,1.1829999999999998,-0.1875,81.1952,47.79260000000001,-20.0244,B,ohp,medium,84
2019-01-11 15:49:14.400,-0.2809999999999999,0.762,-0.2826666666666667,-8.3658,7.3902,-12.3782,B,ohp,medium,84
2019-01-11 15:49:14.600,-0.271,0.7224999999999999,-0.2985,3.4146,6.390000000000001,0.4878,B,ohp,medium,84
2019-01-11 15:49:14.800,-0.322,0.9226666666666666,-0.3363333333333333,-13.0488,-29.2074,10.878,B,ohp,medium,84
2019-01-11 15:49:15.000,-0.196,0.988,-0.239,-70.134,3.5120000000000005,86.2928,B,ohp,medium,84
2019-01-11 15:49:15.200,-0.0933333333333333,0.3813333333333333,-0.1666666666666666,47.1832,-8.5244,-72.26820000000001,B,ohp,medium,84
2019-01-11 15:49:15.400,-0.186,0.668,-0.24,39.9148,2.1464000000000003,-25.9146,B,ohp,medium,84
2019-01-11 15:49:15.600,-0.349,0.8646666666666666,-0.2193333333333333,-32.4998,-17.3416,13.2684,B,ohp,medium,84
2019-01-11 15:49:15.800,-0.455,1.339,-0.1659999999999999,-68.8902,-30.878,30.4512,B,ohp,medium,84
2019-01-11 15:49:16.000,-0.302,1.1873333333333334,-0.0213333333333333,6.5854,-8.8412,-7.755800000000001,B,ohp,medium,84
2019-01-11 15:49:16.200,-0.1985,0.8315,0.033,-13.3412,-18.1586,11.744,B,ohp,medium,84
2019-01-11 15:49:16.400,-0.164,1.002,0.001,-1.22,-6.585,8.537,B,ohp,medium,84
2019-01-11 15:55:53.600,-0.202,0.938,-0.029,-8.1464,18.756,5.9756,B,ohp,medium,37
2019-01-11 15:55:53.800,-0.1635,0.9915,-0.097,11.122,-13.414600000000002,3.8047999999999993,B,ohp,medium,37
2019-01-11 15:55:54.000,-0.1533333333333333,0.917,-0.0223333333333333,-10.4634,-6.2682,7.122,B,ohp,medium,37
2019-01-11 15:55:54.200,-0.252,1.45,-0.1465,53.25599999999999,21.4388,-40.817,B,ohp,medium,37
2019-01-11 15:55:54.400,-0.3676666666666666,1.1146666666666667,-0.2863333333333333,44.4634,21.6706,-43.4878,B,ohp,medium,37
2019-01-11 15:55:54.600,-0.327,0.7105,-0.294,-28.244,-18.0244,16.805,B,ohp,medium,37
2019-01-11 15:55:54.800,-0.2403333333333333,0.701,-0.1723333333333333,-71.8904,-27.0002,52.40219999999999,B,ohp,medium,37
2019-01-11 15:55:55.000,-0.153,0.5455,-0.12,14.7196,2.9146,-0.2194000000000002,B,ohp,medium,37
2019-01-11 15:55:55.200,-0.2033333333333333,1.0133333333333334,-0.0203333333333333,-15.0732,-8.5122,-8.0854,B,ohp,medium,37
2019-01-11 15:55:55.400,-0.133,0.2735,-0.024,58.63399999999999,17.0,-56.10980000000001,B,ohp,medium,37
2019-01-11 15:55:55.600,-0.3926666666666666,0.8956666666666666,-0.236,43.0732,2.7684,11.7194,B,ohp,medium,37
2019-01-11 15:55:55.800,-0.441,1.0605,-0.313,-31.1464,-14.0364,11.134,B,ohp,medium,37
2019-01-11 15:55:56.000,-0.3893333333333333,1.0646666666666669,-0.2386666666666666,-45.4148,-19.3658,30.7928,B,ohp,medium,37
2019-01-11 15:55:56.200,-0.3565,1.443,-0.138,39.1464,34.4024,-14.6952,B,ohp,medium,37
2019-01-11 15:55:56.400,-0.383,1.1253333333333333,-0.321,59.7316,18.7316,-19.6828,B,ohp,medium,37
2019-01-11 15:55:56.600,-0.3325,0.776,-0.3305,-7.255799999999999,-11.8782,-8.2316,B,ohp,medium,37
2019-01-11 15:55:56.800,-0.3106666666666667,0.735,-0.3256666666666666,-54.5732,-22.0976,26.3048,B,ohp,medium,37
2019-01-11 15:55:57.000,-0.1689999999999999,0.5725,-0.203,-11.9148,-1.2439999999999998,35.7928,B,ohp,medium,37
2019-01-11 15:55:57.200,-0.2253333333333333,0.9106666666666666,-0.1426666666666667,-10.5366,9.061,-5.8536,B,ohp,medium,37
2019-01-11 15:55:57.400,-0.2165,0.934,-0.11,1.9026,-1.122,-4.4392,B,ohp,medium,37
2019-01-11 15:55:57.600,-0.2286666666666666,0.802,-0.1133333333333333,25.9878,-17.8658,-26.4146,B,ohp,medium,37
2019-01-11 15:55:57.800,-0.2634999999999999,0.7075,-0.2289999999999999,43.0486,16.6216,-19.1586,B,ohp,medium,37
2019-01-11 15:55:58.000,-0.3563333333333333,0.7923333333333332,-0.3283333333333333,13.9388,4.6344,-8.8414,B,ohp,medium,37
2019-01-11 15:55:58.200,-0.4105,0.871,-0.389,-13.5732,-6.4512,0.5731999999999999,B,ohp,medium,37
2019-01-11 15:55:58.400,-0.434,0.91,-0.3186666666666666,-26.1952,-5.5,18.0246,B,ohp,medium,37
2019-01-11 15:55:58.600,-0.369,0.9935,-0.2475,-33.195,-16.7194,32.7196,B,ohp,medium,37
2019-01-11 15:55:58.800,-0.3516666666666667,1.362,-0.2913333333333333,44.5976,20.4512,-23.6462,B,ohp,medium,37
2019-01-11 15:55:59.000,-0.428,1.0455,-0.3914999999999999,35.4758,11.305,-32.9026,B,ohp,medium,37
2019-01-11 15:55:59.200,-0.3676666666666666,0.7543333333333333,-0.3536666666666666,-23.5612,-12.4634,11.4878,B,ohp,medium,37
2019-01-11 15:55:59.400,-0.3125,0.73,-0.2405,-55.2316,-23.1586,24.7316,B,ohp,medium,37
2019-01-11 15:55:59.600,-0.206,0.681,-0.1373333333333333,-2.8656000000000006,-4.4024,39.9878,B,ohp,medium,37
2019-01-11 15:55:59.800,-0.1865,0.95,-0.094,8.1584,-2.6096,4.3902,B,ohp,medium,37
2019-01-11 15:56:00.000,-0.1703333333333333,0.8733333333333334,-0.1523333333333333,9.305,-7.573400000000001,-12.4634,B,ohp,medium,37
2019-01-11 15:56:00.200,-0.207,0.6805,-0.1765,27.817,-5.939,-44.134,B,ohp,medium,37
2019-01-11 15:56:00.400,-0.3496666666666666,0.8109999999999999,-0.2476666666666666,34.4634,22.0366,-13.4388,B,ohp,medium,37
2019-01-11 15:56:00.600,-0.3995,0.7975000000000001,-0.323,-4.0854,-0.817,-11.866,B,ohp,medium,37
2019-01-11 15:56:00.800,-0.44,0.85,-0.348,-30.317,-15.5488,13.670600000000002,B,ohp,medium,37
2019-01-11 15:56:01.000,-0.4499999999999999,1.0099999999999998,-0.182,-46.0244,-20.8416,35.5732,B,ohp,medium,37
2019-01-11 15:56:01.200,-0.3923333333333333,1.290333333333333,-0.1543333333333333,14.024400000000004,-0.6951999999999998,0.0609999999999999,B,ohp,medium,37
2019-01-11 15:56:01.400,-0.4115,1.225,-0.283,76.7928,35.8292,-22.134,B,ohp,medium,37
2019-01-11 15:56:01.600,-0.3959999999999999,0.8513333333333333,-0.368,-14.109800000000002,-4.0368,-16.0976,B,ohp,medium,37
2019-01-11 15:56:01.800,-0.3265,0.722,-0.2865,-41.6342,-20.0364,19.0122,B,ohp,medium,37
2019-01-11 15:56:02.000,-0.2236666666666666,0.6446666666666667,-0.1433333333333333,-20.0488,-8.1342,51.3172,B,ohp,medium,37
2019-01-11 15:56:02.200,-0.1704999999999999,0.8815,-0.151,11.7806,7.097200000000001,13.3172,B,ohp,medium,37
2019-01-11 15:56:02.400,-0.1023333333333333,0.9346666666666666,-0.1676666666666666,3.695,-9.939,1.049,B,ohp,medium,37
2019-01-11 15:56:02.600,-0.1535,0.971,-0.1765,-2.5366,-4.7926,-6.2926,B,ohp,medium,37
2019-01-11 15:56:02.800,-0.1583333333333333,0.9543333333333334,-0.1526666666666666,10.317,-10.9146,-3.6462,B,ohp,medium,37
2019-01-11 15:56:03.000,-0.1675,0.6205,-0.146,34.8904,-6.7562,-48.2558,B,ohp,medium,37
2019-01-11 15:56:03.200,-0.319,0.8033333333333333,-0.3096666666666667,21.7684,27.9514,-20.5124,B,ohp,medium,37
2019-01-11 15:56:03.400,-0.365,0.8140000000000001,-0.388,4.7804,1.6949999999999998,-4.9510000000000005,B,ohp,medium,37
2019-01-11 15:56:03.600,-0.4083333333333334,0.8286666666666666,-0.3946666666666666,-22.1706,-15.7316,1.5852,B,ohp,medium,37
2019-01-11 15:56:03.800,-0.4325,0.9195,-0.251,-58.9024,-18.6708,27.4632,B,ohp,medium,37
2019-01-11 15:56:04.000,-0.4356666666666666,1.3286666666666669,-0.1676666666666666,4.1952,0.0,-3.0852000000000004,B,ohp,medium,37
2019-01-11 15:56:04.200,-0.4745,1.1595,-0.2985,66.98780000000001,5.3902,-31.1098,B,ohp,medium,37
2019-01-11 15:56:04.400,-0.4206666666666667,0.7923333333333332,-0.2923333333333333,-15.8292,7.890000000000001,-5.0732,B,ohp,medium,37
2019-01-11 15:56:04.600,-0.356,0.7155,-0.2745,-16.0974,7.9754,17.7316,B,ohp,medium,37
2019-01-11 15:56:04.800,-0.3366666666666666,0.8536666666666667,-0.216,-33.9634,-24.2318,33.0852,B,ohp,medium,37
2019-01-11 15:56:05.000,-0.181,0.606,-0.1415,10.0732,-0.5609999999999999,20.695,B,ohp,medium,37
2019-01-11 15:56:05.200,-0.2236666666666666,0.951,-0.1363333333333333,5.2318,-2.0,-0.7682,B,ohp,medium,37
2019-01-11 15:56:05.400,-0.2254999999999999,0.8405,-0.1855,5.5854,-6.329000000000001,-22.061,B,ohp,medium,37
2019-01-11 15:56:05.600,-0.2833333333333333,0.6903333333333332,-0.1903333333333333,56.9388,-2.573399999999998,-31.378,B,ohp,medium,37
2019-01-11 15:56:05.800,-0.4315,0.8545,-0.375,5.3660000000000005,11.0122,-11.0,B,ohp,medium,37
2019-01-11 15:56:06.000,-0.3796666666666666,0.7426666666666666,-0.3916666666666666,-4.5732,-4.9392000000000005,-13.2072,B,ohp,medium,37
2019-01-11 15:56:06.200,-0.4795,0.8340000000000001,-0.2865,-29.5856,-8.2438,20.1588,B,ohp,medium,37
2019-01-11 15:56:06.400,-0.448,0.965,-0.2513333333333333,-39.4754,-16.9146,24.7804,B,ohp,medium,37
2019-01-11 15:56:06.600,-0.4895,1.3375,-0.249,19.3416,10.8416,-4.061,B,ohp,medium,37
2019-01-11 15:56:06.800,-0.4766666666666667,1.108,-0.3013333333333333,55.04880000000001,2.8904,-24.3904,B,ohp,medium,37
2019-01-11 15:56:07.000,-0.3865,0.7729999999999999,-0.3395,-19.8536,10.6584,4.4756,B,ohp,medium,37
2019-01-11 15:56:07.200,-0.3433333333333333,0.759,-0.2576666666666666,-33.7194,-5.8782,8.9268,B,ohp,medium,37
2019-01-11 15:56:07.400,-0.3359999999999999,0.8245,-0.149,-23.6464,-0.3537999999999996,41.81699999999999,B,ohp,medium,37
2019-01-11 15:56:07.600,-0.172,0.7263333333333334,-0.1399999999999999,10.683,-5.4026,29.634000000000004,B,ohp,medium,37
2019-01-11 15:56:07.800,-0.149,0.9875,-0.2,-8.2808,2.5366000000000004,-5.561,B,ohp,medium,37
2019-01-11 15:56:08.000,-0.166,0.957,-0.136,-4.134,-4.158399999999999,-9.1098,B,ohp,medium,37
2019-01-11 15:56:08.200,-0.201,0.9305,-0.137,-1.0612,-3.6832,-2.012,B,ohp,medium,37
2019-01-11 15:56:08.400,-0.2123333333333333,0.964,-0.0946666666666666,-6.0976,-4.7682,-7.8172,B,ohp,medium,37
2019-01-11 15:56:08.600,-0.237,0.942,-0.069,6.9998000000000005,2.6096000000000004,-14.4756,B,ohp,medium,37
2019-01-11 15:56:08.800,-0.29,0.8903333333333334,-0.093,4.1954,-6.805200000000001,-8.2804,B,ohp,medium,37
2019-01-11 15:56:09.000,-0.2255,0.5805,-0.1634999999999999,48.4268,1.5488000000000004,-19.183,B,ohp,medium,37
2019-01-11 15:56:09.200,-0.391,0.8603333333333333,-0.251,16.4756,17.634,-13.3292,B,ohp,medium,37
2019-01-11 15:56:09.400,-0.4305,0.8345,-0.358,-4.2318,-3.988,-11.7316,B,ohp,medium,37
2019-01-11 15:56:09.600,-0.4306666666666667,0.8300000000000001,-0.2976666666666667,-7.4146,2.2926,1.5732000000000004,B,ohp,medium,37
2019-01-11 15:56:09.800,-0.491,0.9365,-0.271,-41.2562,-22.012,7.695,B,ohp,medium,37
2019-01-11 15:56:10.000,-0.5133333333333333,1.112,-0.1823333333333333,-10.0366,-5.061,12.938999999999998,B,ohp,medium,37
2019-01-11 15:56:10.200,-0.518,1.228,-0.3145,75.4756,23.0488,-11.3902,B,ohp,medium,37
2019-01-11 15:56:10.400,-0.4316666666666666,0.8353333333333334,-0.3266666666666666,7.8658,3.7072,-4.646400000000001,B,ohp,medium,37
2019-01-11 15:56:10.600,-0.4105,0.7645,-0.3875,-14.134200000000002,-19.061,13.268200000000002,B,ohp,medium,37
2019-01-11 15:56:10.800,-0.3176666666666667,0.7440000000000001,-0.274,-24.4266,-13.695,32.8412,B,ohp,medium,37
2019-01-11 15:56:11.000,-0.153,0.3924999999999999,-0.17,10.7194,3.963200000000001,-12.2804,B,ohp,medium,37
2019-01-11 15:56:11.200,-0.292,0.7293333333333334,-0.268,24.2318,5.0366,-9.683,B,ohp,medium,37
2019-01-11 15:56:11.400,-0.3964999999999999,0.8585,-0.321,-23.2316,-11.0732,-9.6466,B,ohp,medium,37
2019-01-11 15:56:11.600,-0.383,0.93,-0.2029999999999999,-25.3658,-11.7316,19.8294,B,ohp,medium,37
2019-01-11 15:56:11.800,-0.44,1.0595,-0.128,-37.1464,-21.9756,28.5,B,ohp,medium,37
2019-01-11 15:56:12.000,-0.4063333333333332,1.393,-0.1486666666666666,47.1706,21.0612,-21.3782,B,ohp,medium,37
2019-01-11 15:56:12.200,-0.405,0.9975,-0.24,40.7438,10.5734,-37.451,B,ohp,medium,37
2019-01-11 15:56:12.400,-0.4033333333333333,0.7336666666666667,-0.3026666666666666,2.9026,7.1462,7.8172,B,ohp,medium,37
2019-01-11 15:56:12.600,-0.432,0.8140000000000001,-0.3179999999999999,-28.219600000000003,-20.744,12.1464,B,ohp,medium,37
2019-01-11 15:56:12.800,-0.2906666666666667,0.7326666666666667,-0.183,-48.0,-1.4756,41.695,B,ohp,medium,37
2019-01-11 15:56:13.000,-0.208,0.711,-0.1345,12.865800000000002,-9.5854,0.3658000000000001,B,ohp,medium,37
2019-01-11 15:56:13.200,-0.207,0.738,-0.0996666666666666,23.8294,-7.1586,-29.829200000000004,B,ohp,medium,37
2019-01-11 15:56:13.400,-0.3665,0.764,-0.2245,37.3658,16.3658,-22.3656,B,ohp,medium,37
2019-01-11 15:56:13.600,-0.4373333333333333,0.8426666666666667,-0.319,8.2194,7.9878,3.4024,B,ohp,medium,37
2019-01-11 15:56:13.800,-0.432,0.893,-0.2985,-26.866,-18.744,4.1586,B,ohp,medium,37
2019-01-11 15:56:14.000,-0.4423333333333333,0.9423333333333334,-0.2073333333333333,-41.0124,-20.061,24.3778,B,ohp,medium,37
2019-01-11 15:56:14.200,-0.4285,1.154,-0.0625,-10.2562,-11.244,12.6464,B,ohp,medium,37
2019-01-11 15:56:14.400,-0.45,1.248,-0.1953333333333333,84.0244,52.9756,-31.5122,B,ohp,medium,37
2019-01-11 15:56:14.600,-0.406,0.823,-0.376,24.6462,1.805,-14.390199999999998,B,ohp,medium,37
2019-01-11 15:56:14.800,-0.4073333333333333,0.787,-0.4066666666666667,-29.744,-12.7318,5.7438,B,ohp,medium,37
2019-01-11 15:56:15.000,-0.351,0.773,-0.3219999999999999,-45.1464,-26.622000000000003,38.6342,B,ohp,medium,37
2019-01-11 15:56:15.200,-0.2243333333333333,0.614,-0.1356666666666666,-30.6586,15.8172,12.963400000000002,B,ohp,medium,37
2019-01-11 15:56:15.400,-0.2855,1.0225,-0.0285,6.7072,-0.366,5.1464,B,ohp,medium,37
2019-01-11 15:56:15.600,-0.2376666666666666,0.9223333333333332,-0.1196666666666666,9.512,-3.732,2.9634,B,ohp,medium,37
2019-01-11 15:56:15.800,-0.249,0.913,-0.113,0.8415999999999997,-14.195,-6.2562,B,ohp,medium,37
2019-01-11 15:56:16.000,-0.245,0.9156666666666666,-0.1346666666666666,12.4268,-1.0363999999999998,-13.817000000000002,B,ohp,medium,37
2019-01-11 15:56:16.200,-0.248,0.6735,-0.2035,29.9024,3.0852,-23.183,B,ohp,medium,37
2019-01-11 15:56:16.400,-0.3536666666666666,0.7333333333333334,-0.239,21.744,6.4758,-13.268200000000002,B,ohp,medium,37
2019-01-11 15:56:16.600,-0.416,0.7805,-0.276,-9.7802,-1.3046000000000006,8.585400000000002,B,ohp,medium,37
2019-01-11 15:56:16.800,-0.4356666666666666,0.987,-0.2166666666666666,-44.5244,-21.1706,27.7682,B,ohp,medium,37
2019-01-11 15:56:17.000,-0.4054999999999999,1.061,-0.079,-48.3292,-21.9024,25.7682,B,ohp,medium,37
2019-01-11 15:56:17.200,-0.2816666666666667,1.2523333333333333,-0.001,28.317,-13.1708,0.4878,B,ohp,medium,37
2019-01-11 15:56:17.400,-0.3419999999999999,1.1349999999999998,-0.082,67.2928,48.3902,-33.6586,B,ohp,medium,37
2019-01-11 15:56:17.600,-0.3416666666666666,0.8606666666666666,-0.3213333333333333,33.622,-0.1096000000000003,-23.1464,B,ohp,medium,37
2019-01-11 15:56:17.800,-0.3915,0.784,-0.358,-2.0490000000000004,-11.9268,-5.0612,B,ohp,medium,37
2019-01-11 15:56:18.000,-0.3963333333333333,0.781,-0.3429999999999999,-12.561,-2.0122,18.3902,B,ohp,medium,37
2019-01-11 15:56:18.200,-0.344,0.8494999999999999,-0.2945,-39.4636,-12.256,41.7076,B,ohp,medium,37
2019-01-11 15:56:18.400,-0.1683333333333333,0.673,-0.1843333333333333,-17.0976,4.1586,18.2928,B,ohp,medium,37
2019-01-11 15:56:18.600,-0.2309999999999999,1.0385,-0.102,-3.9146,-6.817,-9.3534,B,ohp,medium,37
2019-01-11 15:56:18.800,-0.1926666666666666,0.7316666666666666,-0.1176666666666666,39.4634,3.3292,-38.8414,B,ohp,medium,37
2019-01-11 15:56:19.000,-0.28,0.6575,-0.2955,46.8534,12.6708,-8.5732,B,ohp,medium,37
2019-01-11 15:56:19.200,-0.3686666666666666,0.8356666666666667,-0.3503333333333334,-5.9634,-4.8294,3.6706,B,ohp,medium,37
2019-01-11 15:56:19.400,-0.3705,0.9025,-0.3105,-36.4756,-31.1952,5.5608,B,ohp,medium,37
2019-01-11 15:56:19.600,-0.439,1.122,-0.2293333333333333,-41.378,-28.7684,57.2438,B,ohp,medium,37
2019-01-11 15:56:19.800,-0.187,1.0725,-0.0895,6.7928,-6.744,14.890199999999998,B,ohp,medium,37
2019-01-11 15:56:20.000,-0.1573333333333333,0.964,-0.0743333333333333,1.6829999999999998,-6.5612,3.5607999999999995,B,ohp,medium,37
2019-01-11 15:59:28.600,-0.267,0.924,-0.132,5.6708,-5.6586,7.049,B,ohp,medium,81
2019-01-11 15:59:28.800,-0.2103333333333333,0.9273333333333332,-0.15,-6.6462,-5.1218,6.2196,B,ohp,medium,81
2019-01-11 15:59:29.000,-0.279,1.3845,-0.3125,33.8414,28.6708,-23.1096,B,ohp,medium,81
2019-01-11 15:59:29.200,-0.3273333333333333,1.0106666666666666,-0.337,55.9024,28.7318,-26.1218,B,ohp,medium,81
2019-01-11 15:59:29.400,-0.2695,0.767,-0.4519999999999999,3.793,-11.1342,4.207400000000001,B,ohp,medium,81
2019-01-11 15:59:29.600,-0.254,0.7686666666666667,-0.439,-30.878,-8.561,10.8782,B,ohp,medium,81
2019-01-11 15:59:29.800,-0.147,0.3905,-0.223,-5.1462,-18.122,4.7316,B,ohp,medium,81
2019-01-11 15:59:30.000,-0.2319999999999999,0.5216666666666666,-0.2726666666666666,31.1708,6.988,-22.7806,B,ohp,medium,81
2019-01-11 15:59:30.200,-0.38,0.9335,-0.418,-1.9878,-1.4148,-4.683000000000001,B,ohp,medium,81
2019-01-11 15:59:30.400,-0.4176666666666667,0.9023333333333332,-0.399,-16.3048,-9.0732,12.6708,B,ohp,medium,81
2019-01-11 15:59:30.600,-0.3685,0.9625,-0.3865,-27.2928,-21.0,22.9266,B,ohp,medium,81
2019-01-11 15:59:30.800,-0.3923333333333333,1.2716666666666665,-0.4146666666666667,13.585399999999998,1.2560000000000002,1.0244,B,ohp,medium,81
2019-01-11 15:59:31.000,-0.421,1.1675,-0.4659999999999999,49.0488,14.1588,-15.6828,B,ohp,medium,81
2019-01-11 15:59:31.200,-0.3013333333333333,0.7963333333333334,-0.4106666666666667,-16.8656,-3.9512,-11.8172,B,ohp,medium,81
2019-01-11 15:59:31.400,-0.2475,0.7625,-0.394,-31.890000000000004,-23.0732,30.305,B,ohp,medium,81
2019-01-11 15:59:31.600,-0.1413333333333333,0.2016666666666666,-0.1283333333333333,22.2806,9.707,-22.305,B,ohp,medium,81
2019-01-11 15:59:31.800,-0.3795,0.924,-0.4,27.622000000000003,-7.7438,-15.927,B,ohp,medium,81
2019-01-11 15:59:32.000,-0.3893333333333333,0.8036666666666666,-0.448,-1.5734,3.2806,15.024599999999998,B,ohp,medium,81
2019-01-11 15:59:32.200,-0.447,0.9075,-0.3675,-38.0488,-22.1952,5.683,B,ohp,medium,81
2019-01-11 15:59:32.400,-0.3826666666666666,0.9903333333333334,-0.29,-22.1708,-12.3172,23.2926,B,ohp,medium,81
2019-01-11 15:59:32.600,-0.4815,1.4635,-0.444,39.061,35.439,-11.2196,B,ohp,medium,81
2019-01-11 15:59:32.800,-0.399,1.0206666666666666,-0.4266666666666667,28.012400000000003,11.622,-20.8658,B,ohp,medium,81
2019-01-11 15:59:33.000,-0.3375,0.7835000000000001,-0.4659999999999999,-27.0852,-12.7806,8.7804,B,ohp,medium,81
2019-01-11 15:59:33.200,-0.165,0.3016666666666667,-0.1879999999999999,-37.1218,-9.3292,-0.6097999999999999,B,ohp,medium,81
2019-01-11 15:59:33.400,-0.19,0.51,-0.199,40.4024,8.6952,-14.561000000000002,B,ohp,medium,81
2019-01-11 15:59:33.600,-0.422,0.9506666666666668,-0.385,2.634,8.4878,8.4758,B,ohp,medium,81
2019-01-11 15:59:33.800,-0.4195,0.9125,-0.3135,-20.8292,-14.9024,10.6832,B,ohp,medium,81
2019-01-11 15:59:34.000,-0.3676666666666666,0.977,-0.323,-27.317,-13.0124,26.6952,B,ohp,medium,81
2019-01-11 15:59:34.200,-0.2855,1.136,-0.2565,3.0488,-6.0976,9.3538,B,ohp,medium,81
2019-01-11 15:59:34.400,-0.3636666666666666,1.3323333333333334,-0.4316666666666666,75.76820000000001,28.9878,-20.6706,B,ohp,medium,81
2019-01-11 15:59:34.600,-0.3005,0.8255,-0.4745,12.3902,-8.4756,-11.0,B,ohp,medium,81
2019-01-11 15:59:34.800,-0.2596666666666666,0.7086666666666667,-0.3879999999999999,-73.0488,-24.8782,15.536599999999998,B,ohp,medium,81
2019-01-11 15:59:35.000,-0.0554999999999999,0.0579999999999999,-0.1575,22.3658,8.1342,-20.8416,B,ohp,medium,81
2019-01-11 15:59:35.200,-0.331,0.778,-0.3156666666666667,27.756,7.3902,-8.6098,B,ohp,medium,81
2019-01-11 15:59:35.400,-0.4185,0.873,-0.395,-16.4022,-9.6462,-10.7928,B,ohp,medium,81
2019-01-11 15:59:35.600,-0.445,0.898,-0.3283333333333333,-29.3416,-8.450999999999999,22.4634,B,ohp,medium,81
2019-01-11 15:59:35.800,-0.414,1.0045,-0.281,-24.1584,-27.366,23.7804,B,ohp,medium,81
2019-01-11 15:59:36.000,-0.3946666666666667,1.261,-0.2529999999999999,23.195,4.9148,-1.8904,B,ohp,medium,81
2019-01-11 15:59:36.200,-0.369,1.0795,-0.3279999999999999,77.1216,28.9878,-4.6708,B,ohp,medium,81
2019-01-11 15:59:36.400,-0.3243333333333333,0.8463333333333333,-0.4893333333333333,14.366,-6.0856,-15.7928,B,ohp,medium,81
2019-01-11 15:59:36.600,-0.288,0.7015,-0.427,-26.3536,0.5123999999999997,8.6706,B,ohp,medium,81
2019-01-11 15:59:36.800,-0.2316666666666667,0.676,-0.3763333333333333,-35.9144,-13.3536,28.366,B,ohp,medium,81
2019-01-11 15:59:37.000,-0.1669999999999999,0.579,-0.3295,18.8904,-0.6342000000000001,-0.0243999999999999,B,ohp,medium,81
2019-01-11 15:59:37.200,-0.204,0.6213333333333333,-0.3393333333333333,4.5366,-0.7439999999999998,-36.9266,B,ohp,medium,81
2019-01-11 15:59:37.400,-0.351,0.738,-0.3245,6.9146,-8.4634,-17.3048,B,ohp,medium,81
2019-01-11 15:59:37.600,-0.4433333333333333,0.8576666666666667,-0.325,-10.5976,-6.0486,8.8662,B,ohp,medium,81
2019-01-11 15:59:37.800,-0.5429999999999999,1.0695,-0.3964999999999999,-40.5,-23.9512,23.2072,B,ohp,medium,81
2019-01-11 15:59:38.000,-0.3806666666666666,0.9983333333333334,-0.2196666666666666,-19.6586,-23.0976,16.5488,B,ohp,medium,81
2019-01-11 15:59:38.200,-0.4245,1.4185,-0.289,40.7438,51.29259999999999,-11.061,B,ohp,medium,81
2019-01-11 15:59:38.400,-0.3673333333333333,0.9343333333333332,-0.3616666666666666,53.54879999999999,15.5732,-10.1828,B,ohp,medium,81
2019-01-11 15:59:38.600,-0.3245,0.755,-0.434,-0.5732000000000002,-7.939,-8.4634,B,ohp,medium,81
2019-01-11 15:59:38.800,-0.3503333333333334,0.7549999999999999,-0.3956666666666666,-7.1098,-21.2682,3.6344,B,ohp,medium,81
2019-01-11 15:59:39.000,-0.3385,0.8220000000000001,-0.379,-37.927,8.305,54.439,B,ohp,medium,81
2019-01-11 15:59:39.200,-0.1416666666666666,0.6093333333333333,-0.2956666666666667,0.3170000000000001,1.5856,11.5486,B,ohp,medium,81
2019-01-11 15:59:39.400,-0.1485,1.0355,-0.3295,-5.9146,-1.5366,-10.6342,B,ohp,medium,81
2019-01-11 15:59:39.600,-0.1986666666666666,0.8973333333333334,-0.2843333333333333,3.5,4.1464,-4.7072,B,ohp,medium,81
2019-01-11 15:59:39.800,-0.2315,0.907,-0.3065,0.1708000000000002,-10.573,2.5242,B,ohp,medium,81
2019-01-11 15:59:40.000,-0.1986666666666666,0.8566666666666666,-0.3026666666666667,-4.1098,-9.7682,-11.3292,B,ohp,medium,81
2019-01-11 15:59:40.200,-0.184,0.623,-0.2445,16.7562,6.6584,-28.5854,B,ohp,medium,81
2019-01-11 15:59:40.400,-0.323,0.7613333333333333,-0.336,42.1464,17.5,3.8538,B,ohp,medium,81
2019-01-11 15:59:40.600,-0.348,0.915,-0.4559999999999999,-19.7684,1.0732,-20.378,B,ohp,medium,81
2019-01-11 15:59:40.800,-0.344,0.8446666666666666,-0.365,-29.122000000000003,-11.4512,10.9268,B,ohp,medium,81
2019-01-11 15:59:41.000,-0.417,1.051,-0.3259999999999999,-33.2436,-19.3414,12.7436,B,ohp,medium,81
2019-01-11 15:59:41.200,-0.48,1.4,-0.4396666666666666,63.82919999999999,33.4512,-7.097199999999999,B,ohp,medium,81
2019-01-11 15:59:41.400,-0.3665,0.8555,-0.4185,20.6584,-19.2074,-10.7928,B,ohp,medium,81
2019-01-11 15:59:41.600,-0.325,0.7606666666666667,-0.424,-26.622,-3.1464,29.914800000000003,B,ohp,medium,81
2019-01-11 15:59:41.800,-0.079,0.1225,-0.1225,-6.402600000000001,-4.4148,-16.5244,B,ohp,medium,81
2019-01-11 15:59:42.000,-0.3,0.6803333333333333,-0.3146666666666666,24.9512,-2.195,-13.5244,B,ohp,medium,81
2019-01-11 15:59:42.200,-0.3944999999999999,0.9025,-0.4255,-18.5488,-3.8535999999999992,5.7074,B,ohp,medium,81
2019-01-11 15:59:42.400,-0.4143333333333333,0.9156666666666666,-0.3226666666666666,-40.9756,-21.6098,18.1708,B,ohp,medium,81
2019-01-11 16:09:32.600,-0.273,0.845,0.389,6.646,-3.7195,0.762,B,squat,medium,26
2019-01-11 16:09:32.800,-0.288,0.8673333333333333,0.3413333333333333,5.5122,-6.4512,-0.1341999999999999,B,squat,medium,26
2019-01-11 16:09:33.000,-0.2745,0.872,0.3485,5.4146,-1.8168,1.8536,B,squat,medium,26
2019-01-11 16:09:33.200,-0.2543333333333333,0.8496666666666667,0.2956666666666667,6.5976,-4.6218,4.1828,B,squat,medium,26
2019-01-11 16:09:33.400,-0.201,0.6795,0.244,-8.0854,-15.573000000000002,-3.9756,B,squat,medium,26
2019-01-11 16:09:33.600,-0.2273333333333333,0.6973333333333334,0.3323333333333333,-23.256,-16.9758,-9.6828,B,squat,medium,26
2019-01-11 16:09:33.800,-0.2684999999999999,0.8654999999999999,0.49,-6.9876000000000005,-9.6708,-4.7806,B,squat,medium,26
2019-01-11 16:09:34.000,-0.2863333333333333,0.8853333333333334,0.5443333333333333,-8.2928,-8.1584,-3.6952,B,squat,medium,26
2019-01-11 16:09:34.200,-0.301,0.8374999999999999,0.5375000000000001,-2.7682,-5.2684,-4.0612,B,squat,medium,26
2019-01-11 16:09:34.400,-0.2956666666666667,0.867,0.5846666666666667,1.3414,-3.5732,0.1339999999999999,B,squat,medium,26
2019-01-11 16:09:34.600,-0.347,0.941,0.6715,-12.963400000000002,4.9756,0.3902,B,squat,medium,26
2019-01-11 16:09:34.800,-0.352,0.8893333333333334,0.6709999999999999,-0.5246000000000002,23.4878,4.3172,B,squat,medium,26
2019-01-11 16:09:35.000,-0.3825,0.8360000000000001,0.6,20.3538,6.0364,5.134,B,squat,medium,26
2019-01-11 16:09:35.200,-0.318,0.8133333333333334,0.479,14.305,0.0243999999999999,6.9268,B,squat,medium,26
2019-01-11 16:09:35.400,-0.218,0.644,0.3235,20.2926,-1.1586,6.6098,B,squat,medium,26
2019-01-11 16:09:35.600,-0.1983333333333333,0.6533333333333333,0.2653333333333333,19.317,-2.9268,6.1828,B,squat,medium,26
2019-01-11 16:09:35.800,-0.2765,0.892,0.2895,12.5242,-1.878,6.7562,B,squat,medium,26
2019-01-11 16:09:36.000,-0.256,0.9056666666666668,0.284,2.0856,-2.622,3.0124000000000004,B,squat,medium,26
2019-01-11 16:09:36.200,-0.224,0.878,0.286,-10.5,1.988,2.9998,B,squat,medium,26
2019-01-11 16:09:36.400,-0.2026666666666666,0.7853333333333333,0.2416666666666666,16.927,-7.2926,-1.134,B,squat,medium,26
2019-01-11 16:09:36.600,-0.1695,0.672,0.1905,-3.683,-10.9756,-2.6218,B,squat,medium,26
2019-01-11 16:09:36.800,-0.2413333333333333,0.8583333333333334,0.2813333333333334,-14.2804,-11.5364,-5.4514000000000005,B,squat,medium,26
2019-01-11 16:09:37.000,-0.2585,0.9625,0.369,-3.0122,-9.3416,1.7681999999999998,B,squat,medium,26
2019-01-11 16:09:37.200,-0.2486666666666666,0.9293333333333336,0.4086666666666667,-2.939,-5.0734,-1.9268,B,squat,medium,26
2019-01-11 16:09:37.400,-0.251,0.9495,0.416,1.9758,-6.1708,-3.2806,B,squat,medium,26
2019-01-11 16:09:37.600,-0.3056666666666667,1.088666666666667,0.4949999999999999,-6.5608,-2.6464,-3.0854,B,squat,medium,26
2019-01-11 16:09:37.800,-0.311,1.02,0.5365,-10.1952,-3.3538,-1.9756,B,squat,medium,26
2019-01-11 16:09:38.000,-0.2683333333333333,0.9036666666666666,0.5006666666666667,11.6464,2.6952,0.7070000000000001,B,squat,medium,26
2019-01-11 16:09:38.200,-0.2835,0.886,0.487,-15.109800000000002,3.9512,3.8534,B,squat,medium,26
2019-01-11 16:09:38.400,-0.2223333333333333,0.7826666666666666,0.3619999999999999,32.329,3.8046,6.3536,B,squat,medium,26
2019-01-11 16:09:38.600,-0.1885,0.674,0.243,8.1586,1.573,2.0246,B,squat,medium,26
2019-01-11 16:09:38.800,-0.2156666666666666,0.7370000000000001,0.2366666666666666,5.8048,2.0122,6.573,B,squat,medium,26
2019-01-11 16:09:39.000,-0.243,0.929,0.291,-1.1461999999999997,-0.3291999999999999,1.3172,B,squat,medium,26
2019-01-11 16:09:39.200,-0.2259999999999999,0.907,0.2953333333333333,-0.8779999999999999,-1.2806,-0.366,B,squat,medium,26
2019-01-11 16:09:39.400,-0.228,0.8955,0.3005,3.8414,-0.6098,-0.1218,B,squat,medium,26
2019-01-11 16:09:39.600,-0.2453333333333333,0.8969999999999999,0.278,6.0002,-1.7071999999999998,1.2437999999999998,B,squat,medium,26
2019-01-11 16:09:39.800,-0.2205,0.8360000000000001,0.237,5.5854,-2.6586,0.4025999999999999,B,squat,medium,26
2019-01-11 16:09:40.000,-0.1583333333333333,0.643,0.1929999999999999,-19.5976,-7.987999999999999,-5.3902,B,squat,medium,26
2019-01-11 16:09:40.200,-0.2329999999999999,0.7825,0.314,-19.0976,-15.0608,-5.9026,B,squat,medium,26
2019-01-11 16:09:40.400,-0.267,0.9356666666666666,0.4519999999999999,1.7806000000000004,-12.951,-3.1342000000000003,B,squat,medium,26
2019-01-11 16:09:40.600,-0.2415,0.8614999999999999,0.5065,-15.512199999999998,-7.378,-0.9144,B,squat,medium,26
2019-01-11 16:09:40.800,-0.26,0.9063333333333332,0.5293333333333333,12.1708,-0.7318,-1.939,B,squat,medium,26
2019-01-11 16:09:41.000,-0.318,1.0945,0.579,-12.1708,-6.9268,0.9266,B,squat,medium,26
2019-01-11 16:09:41.200,-0.2946666666666667,1.0046666666666666,0.5956666666666667,10.7928,-1.7071999999999996,-0.2196000000000001,B,squat,medium,26
2019-01-11 16:09:41.400,-0.262,0.8725,0.5285,12.1708,8.5124,0.1951999999999999,B,squat,medium,26
2019-01-11 16:09:41.600,-0.2749999999999999,0.8796666666666667,0.454,5.3292,12.5,4.1828,B,squat,medium,26
2019-01-11 16:09:41.800,-0.241,0.829,0.356,17.3414,4.5,5.9144000000000005,B,squat,medium,26
2019-01-11 16:09:42.000,-0.2019999999999999,0.7416666666666667,0.2496666666666666,14.682999999999998,5.2682,5.4512,B,squat,medium,26
2019-01-11 16:09:42.200,-0.186,0.6785000000000001,0.197,-0.7318,-1.9024,0.6462,B,squat,medium,26
2019-01-11 16:09:42.400,-0.2426666666666666,0.8993333333333333,0.247,4.561,-1.061,0.817,B,squat,medium,26
2019-01-11 16:09:42.600,-0.248,0.902,0.2485,0.4631999999999999,-2.6464,1.1708,B,squat,medium,26
2019-01-11 16:09:42.800,-0.2383333333333333,0.9056666666666668,0.273,1.0854,0.244,0.8904,B,squat,medium,26
2019-01-11 16:09:43.000,-0.242,0.907,0.253,3.9024,-1.6828,-0.7076,B,squat,medium,26
2019-01-11 16:09:43.200,-0.1986666666666666,0.7296666666666667,0.1986666666666666,-7.1584,-4.0124,-2.9148000000000005,B,squat,medium,26
2019-01-11 16:09:43.400,-0.1865,0.6435,0.2295,-22.7562,-20.707,-4.0486,B,squat,medium,26
2019-01-11 16:09:43.600,-0.259,0.872,0.4106666666666667,-8.1098,-4.8902,-1.7806000000000002,B,squat,medium,26
2019-01-11 16:09:43.800,-0.2645,0.934,0.491,-21.7804,-8.4026,-2.4270000000000005,B,squat,medium,26
2019-01-11 16:09:44.000,-0.2756666666666666,0.9216666666666667,0.5806666666666667,-5.878,-5.378,-0.7196,B,squat,medium,26
2019-01-11 16:09:44.200,-0.3145,1.0365,0.678,-3.7196,-2.2558,-1.2925999999999995,B,squat,medium,26
2019-01-11 16:09:44.400,-0.289,0.9286666666666666,0.6306666666666666,3.3536,-1.0854,1.366,B,squat,medium,26
2019-01-11 16:09:44.600,-0.243,0.8109999999999999,0.5495,5.597799999999999,1.805,1.5366000000000002,B,squat,medium,26
2019-01-11 16:09:44.800,-0.2673333333333333,0.834,0.5213333333333333,16.6466,15.817000000000002,4.2684,B,squat,medium,26
2019-01-11 16:09:45.000,-0.249,0.7715000000000001,0.4054999999999999,9.9026,5.0732,3.451,B,squat,medium,26
2019-01-11 16:09:45.200,-0.2263333333333333,0.7046666666666667,0.3023333333333333,13.682999999999998,2.2928,3.2316000000000003,B,squat,medium,26
2019-01-11 16:09:45.400,-0.2415,0.756,0.2845,9.3538,1.1949999999999998,1.9268,B,squat,medium,26
2019-01-11 16:09:45.600,-0.2676666666666666,0.8696666666666667,0.305,13.073000000000002,-2.0854,2.3172,B,squat,medium,26
2019-01-11 16:09:45.800,-0.254,0.9005000000000001,0.2845,5.256,5.8536,0.7074,B,squat,medium,26
2019-01-11 16:09:46.000,-0.258,0.8946666666666667,0.2603333333333333,2.3048,0.2562000000000001,1.0854,B,squat,medium,26
2019-01-11 16:09:46.200,-0.2465,0.9085,0.2835,-28.048400000000004,23.683,11.3904,B,squat,medium,26
2019-01-11 16:09:46.400,-0.2506666666666666,0.8346666666666667,0.2526666666666666,20.878,-22.5368,-4.3658,B,squat,medium,26
2019-01-11 16:09:46.600,-0.1785,0.647,0.2155,-14.5244,-21.1584,-5.4148,B,squat,medium,26
2019-01-11 16:09:46.800,-0.2166666666666666,0.7266666666666666,0.3436666666666666,-25.0608,-12.6706,-3.0612,B,squat,medium,26
2019-01-11 16:09:47.000,-0.2355,0.8925000000000001,0.53,-7.3902,-5.9266,-0.9024,B,squat,medium,26
2019-01-11 16:09:47.200,-0.25,0.8850000000000001,0.5213333333333333,-5.7438,-7.0244,-1.866,B,squat,medium,26
2019-01-11 16:09:47.400,-0.271,0.976,0.6385000000000001,-0.0486000000000004,-5.2074,-1.2075999999999998,B,squat,medium,26
2019-01-11 16:09:47.600,-0.292,1.0446666666666666,0.669,1.6098,3.4754,0.2559999999999999,B,squat,medium,26
2019-01-11 16:09:47.800,-0.289,0.938,0.5780000000000001,11.0122,4.561,-2.0854,B,squat,medium,26
2019-01-11 16:09:48.000,-0.2863333333333333,0.8836666666666666,0.504,23.1584,4.7804,2.7318,B,squat,medium,26
2019-01-11 16:09:48.200,-0.2505,0.8380000000000001,0.358,13.683000000000002,4.6586,3.012,B,squat,medium,26
2019-01-11 16:09:48.400,-0.1913333333333333,0.6706666666666666,0.2183333333333333,17.0854,2.2316000000000003,2.427,B,squat,medium,26
2019-01-11 16:09:48.600,-0.204,0.692,0.22,-7.939,2.0122,3.3414,B,squat,medium,26
2019-01-11 16:09:48.800,-0.2646666666666666,0.9186666666666669,0.2876666666666667,8.2804,-4.134,1.6584,B,squat,medium,26
2019-01-11 16:09:49.000,-0.2355,0.881,0.2925,-3.1342,6.2928,4.694999999999999,B,squat,medium,26
2019-01-11 16:09:49.200,-0.2343333333333333,0.8863333333333333,0.3113333333333333,-16.7316,32.5,13.707400000000002,B,squat,medium,26
2019-01-11 16:09:49.400,-0.2645,0.923,0.2865,11.6588,-12.683,0.6097999999999999,B,squat,medium,26
2019-01-11 16:09:49.600,-0.2153333333333333,0.8553333333333333,0.276,4.3414,-19.7194,-3.0976,B,squat,medium,26
2019-01-11 16:09:49.800,-0.1694999999999999,0.687,0.2215,-14.012200000000002,-17.4026,-3.2804,B,squat,medium,26
2019-01-11 16:09:50.000,-0.176,0.706,0.322,-27.7926,-17.427,-3.561,B,squat,medium,26
2019-01-11 16:09:50.200,-0.202,0.8514999999999999,0.479,-9.134,-10.5368,-3.1098,B,squat,medium,26
2019-01-11 16:09:50.400,-0.2233333333333333,0.878,0.5756666666666667,-14.5244,-6.8048,-4.1586,B,squat,medium,26
2019-01-11 16:09:50.600,-0.2365,0.8605,0.6445000000000001,-18.622,4.0488,1.1464000000000003,B,squat,medium,26
2019-01-11 16:09:50.800,-0.2896666666666667,0.9896666666666668,0.7626666666666667,17.7804,0.2316,-0.9634,B,squat,medium,26
2019-01-11 16:09:51.000,-0.2375,0.933,0.7215,-3.5974000000000004,0.8779999999999999,2.0852,B,squat,medium,26
2019-01-11 16:09:51.200,-0.2296666666666666,0.8176666666666668,0.6453333333333333,3.2684,-6.4388000000000005,2.1952,B,squat,medium,26
2019-01-11 16:09:51.400,-0.205,0.834,0.5700000000000001,13.987799999999998,6.9146,4.2316,B,squat,medium,26
2019-01-11 16:09:51.600,-0.1676666666666666,0.69,0.437,23.8534,4.305,7.0852,B,squat,medium,26
2019-01-11 16:09:51.800,-0.151,0.575,0.265,10.683,4.4148,2.939,B,squat,medium,26
2019-01-11 16:09:52.000,-0.208,0.8483333333333333,0.3586666666666667,-0.8657999999999999,-2.4512,0.4147999999999999,B,squat,medium,26
2019-01-11 16:09:52.200,-0.2005,0.847,0.392,2.1462000000000003,-3.4392000000000005,-0.9022,B,squat,medium,26
2019-01-11 16:09:52.400,-0.2036666666666666,0.8616666666666667,0.4066666666666667,4.3294,-2.3782,0.3047999999999999,B,squat,medium,26
2019-01-11 16:09:52.600,-0.199,0.8855,0.3934999999999999,4.9636,1.0121999999999995,0.5488000000000002,B,squat,medium,26
2019-01-11 16:09:52.800,-0.1909999999999999,0.87,0.3853333333333333,8.5852,-0.9998,1.9514,B,squat,medium,26
2019-01-11 16:09:53.000,-0.1945,0.786,0.2995,-1.2928,-4.4148,-1.7924,B,squat,medium,26
2019-01-11 16:09:53.200,-0.156,0.5943333333333333,0.2556666666666666,-16.8412,-9.6344,-5.9876,B,squat,medium,26
2019-01-11 16:09:53.400,-0.2015,0.792,0.4679999999999999,-14.158599999999998,-10.9024,-4.0124,B,squat,medium,26
2019-01-11 16:09:53.600,-0.2326666666666666,0.8696666666666667,0.5326666666666667,-13.9512,-3.5854,-1.5241999999999998,B,squat,medium,26
2019-01-11 16:09:53.800,-0.2055,0.854,0.627,-20.9146,-7.7318,1.0608,B,squat,medium,26
2019-01-11 16:09:54.000,-0.2303333333333333,0.8329999999999999,0.6576666666666667,3.4388000000000005,1.0002,-3.61,B,squat,medium,26
2019-01-11 16:09:54.200,-0.307,1.0395,0.7909999999999999,-4.7684,-25.3778,0.2927999999999997,B,squat,medium,26
2019-01-11 16:09:54.400,-0.2076666666666666,0.871,0.7583333333333333,-10.3416,4.0852,-2.5976,B,squat,medium,26
2019-01-11 16:09:54.600,-0.2015,0.745,0.7505,-20.9636,8.8414,-0.4513999999999999,B,squat,medium,26
2019-01-11 16:09:54.800,-0.21,0.6826666666666666,0.726,20.8172,10.293,9.2072,B,squat,medium,26
2019-01-11 16:09:55.000,-0.2385,0.7625,0.6200000000000001,35.9392,9.2318,6.8658,B,squat,medium,26
2019-01-11 16:09:55.200,-0.1656666666666666,0.5563333333333333,0.3143333333333333,35.9144,5.1704,4.0854,B,squat,medium,26
2019-01-11 16:09:55.400,-0.1985,0.7175,0.3335,-5.5122,-2.439,3.439,B,squat,medium,26
2019-01-11 16:09:55.600,-0.2166666666666666,0.8446666666666666,0.4059999999999999,7.4512,-4.1586,1.439,B,squat,medium,26
2019-01-11 16:09:55.800,-0.215,0.8775,0.4545,6.0974,-0.2072000000000001,1.8172,B,squat,medium,26
2019-01-11 16:09:56.000,-0.2066666666666666,0.8643333333333333,0.4036666666666667,7.4144,-0.683,2.5122,B,squat,medium,26
2019-01-11 16:09:56.200,-0.202,0.8785000000000001,0.3845,0.5241999999999999,-0.9146,-0.4145999999999999,B,squat,medium,26
2019-01-11 16:09:56.400,-0.2063333333333333,0.8416666666666667,0.34,7.7684,-2.1342,-2.8782,B,squat,medium,26
2019-01-11 16:09:56.600,-0.1815,0.696,0.2445,-1.4998000000000005,-5.6828,-4.0612,B,squat,medium,26
2019-01-11 16:09:56.800,-0.1846666666666666,0.6516666666666667,0.3396666666666667,-28.1706,-7.2196,-4.3412,B,squat,medium,26
2019-01-11 16:09:57.000,-0.2555,0.888,0.494,-2.4758,-8.512,-1.3413999999999997,B,squat,medium,26
2019-01-11 16:09:57.200,-0.2503333333333333,0.892,0.5523333333333333,-7.8538,-4.0976,-3.5366,B,squat,medium,26
2019-01-11 16:09:57.400,-0.3,0.865,0.581,0.732,2.927,-10.122,B,squat,medium,26
